time_exchange;time_coinapi;guid;price;base_amount;taker_side
2019-06-08T00:00:03.626000000;2019-06-08T00:00:02.990882944;13;248.82;2.7967;SELL
2019-06-08T00:00:03.632000000;2019-06-08T00:00:02.990882944;14;248.85;1.22656;BUY
2019-06-08T00:00:03.975000000;2019-06-08T00:00:02.990882944;49;248.78;0.08794;SELL
2019-06-08T00:00:06.177000000;2019-06-08T00:00:02.990882944;129;248.86;0.1;BUY
2019-06-08T00:00:06.276000000;2019-06-08T00:00:02.990882944;141;248.77;0.04864;SELL
2019-06-08T00:00:06.746000000;2019-06-08T00:00:02.990882944;158;248.79;1.23575;SELL
2019-06-08T00:00:06.751000000;2019-06-08T00:00:02.990882944;159;248.85;1.62925;BUY
2019-06-08T00:00:09.236000000;2019-06-08T00:00:02.990882944;226;248.77;0.04811;SELL
2019-06-08T00:00:12.497000000;2019-06-08T00:00:02.990882944;321;248.77;0.04582;SELL
2019-06-08T00:00:13.675000000;2019-06-08T00:00:02.990882944;362;248.83;1.38727;BUY
2019-06-08T00:00:16.705000000;2019-06-08T00:00:17.005252538;413;248.83;0.04849;SELL
2019-06-08T00:00:17.001000000;2019-06-08T00:00:17.005252538;424;248.83;0.95151;SELL
2019-06-08T00:00:18.342000000;2019-06-08T00:00:18.405191221;505;248.77;0.3212;SELL
2019-06-08T00:00:18.573000000;2019-06-08T00:00:18.594310432;532;248.78;4.46166;BUY
2019-06-08T00:00:19.632000000;2019-06-08T00:00:19.657183892;573;248.74;4;SELL
2019-06-08T00:00:19.658000000;2019-06-08T00:00:19.681153822;574;248.73;0.05;SELL
2019-06-08T00:00:19.658000000;2019-06-08T00:00:19.681153822;575;248.73;1.2061;SELL
2019-06-08T00:00:20.127000000;2019-06-08T00:00:20.237211144;642;248.73;3e-05;SELL
2019-06-08T00:00:20.127000000;2019-06-08T00:00:20.237211144;643;248.72;0.36976;SELL
2019-06-08T00:00:20.148000000;2019-06-08T00:00:20.238731687;647;248.71;0.13671;SELL
2019-06-08T00:00:20.148000000;2019-06-08T00:00:20.238731687;648;248.71;0.11354;SELL
2019-06-08T00:00:20.148000000;2019-06-08T00:00:20.238731687;649;248.7;0.081;SELL
2019-06-08T00:00:20.151000000;2019-06-08T00:00:20.243678458;650;248.7;4.919;SELL
2019-06-08T00:00:20.189000000;2019-06-08T00:00:20.269187034;651;248.69;0.06084;SELL
2019-06-08T00:00:20.189000000;2019-06-08T00:00:20.269187034;652;248.68;0.03906;SELL
2019-06-08T00:00:20.683000000;2019-06-08T00:00:20.717214158;673;248.68;0.17235;SELL
2019-06-08T00:00:20.683000000;2019-06-08T00:00:20.717214158;674;248.67;0.15289;SELL
2019-06-08T00:00:20.878000000;2019-06-08T00:00:20.909181343;716;248.67;0.08851;SELL
2019-06-08T00:00:20.935000000;2019-06-08T00:00:20.956685535;722;248.67;0.04854;SELL
2019-06-08T00:00:21.887000000;2019-06-08T00:00:21.907912654;790;248.67;0.33083;SELL
2019-06-08T00:00:22.276000000;2019-06-08T00:00:22.327556345;822;248.67;0.13445;SELL
2019-06-08T00:00:22.564000000;2019-06-08T00:00:22.593232448;827;248.67;1.41963;SELL
2019-06-08T00:00:23.261000000;2019-06-08T00:00:23.320517355;863;248.67;0.23461;SELL
2019-06-08T00:00:23.355000000;2019-06-08T00:00:23.416751625;868;248.67;2.59032;SELL
2019-06-08T00:00:24.215000000;2019-06-08T00:00:24.278183861;889;248.72;0.51563;BUY
2019-06-08T00:00:24.520000000;2019-06-08T00:00:24.577225043;917;248.67;0.00022;SELL
2019-06-08T00:00:24.520000000;2019-06-08T00:00:24.577225043;918;248.67;0.56478;SELL
2019-06-08T00:00:24.666000000;2019-06-08T00:00:24.688035831;928;248.73;0.04423;BUY
2019-06-08T00:00:25.140000000;2019-06-08T00:00:25.241031704;964;248.64;0.04823;SELL
2019-06-08T00:00:25.259000000;2019-06-08T00:00:25.366984375;985;248.64;1.57418;SELL
2019-06-08T00:00:25.456000000;2019-06-08T00:00:25.507999745;1007;248.64;0.0646;SELL
2019-06-08T00:00:27.001000000;2019-06-08T00:00:27.041560130;1049;248.65;1;BUY
2019-06-08T00:00:27.712000000;2019-06-08T00:00:27.735174738;1084;248.65;0.471;BUY
2019-06-08T00:00:27.915000000;2019-06-08T00:00:27.941240713;1095;248.65;0.48202;BUY
2019-06-08T00:00:28.314000000;2019-06-08T00:00:28.367215525;1117;248.64;0.256;SELL
2019-06-08T00:00:28.482000000;2019-06-08T00:00:28.535821735;1128;248.64;0.684;SELL
2019-06-08T00:00:28.804000000;2019-06-08T00:00:28.825247554;1137;248.66;0.14312;BUY
2019-06-08T00:00:29.004000000;2019-06-08T00:00:29.039440138;1146;248.64;1.625;SELL
2019-06-08T00:00:29.615000000;2019-06-08T00:00:29.635793218;1201;248.64;2.781;SELL
2019-06-08T00:00:29.852000000;2019-06-08T00:00:29.874228605;1234;248.64;0.672;SELL
2019-06-08T00:00:29.878000000;2019-06-08T00:00:29.899218915;1235;248.64;0.29499;SELL
2019-06-08T00:00:30.111000000;2019-06-08T00:00:30.208749952;1240;248.64;1;BUY
2019-06-08T00:00:30.222000000;2019-06-08T00:00:30.287404219;1248;248.64;1;BUY
2019-06-08T00:00:30.298000000;2019-06-08T00:00:30.350272686;1259;248.64;0.04425;BUY
2019-06-08T00:00:31.369000000;2019-06-08T00:00:31.422740383;1325;248.62;0.04462;SELL
2019-06-08T00:00:32.762000000;2019-06-08T00:00:32.783931877;1390;248.62;0.02837;SELL
2019-06-08T00:00:32.762000000;2019-06-08T00:00:32.784565279;1391;248.62;0.40351;SELL
2019-06-08T00:00:32.762000000;2019-06-08T00:00:32.784881622;1392;248.62;0.11354;SELL
2019-06-08T00:00:33.001000000;2019-06-08T00:00:33.039295538;1404;248.6;0.29826;SELL
2019-06-08T00:00:33.001000000;2019-06-08T00:00:33.039295538;1405;248.6;0.70026;SELL
2019-06-08T00:00:33.472000000;2019-06-08T00:00:33.516090555;1445;248.57;0.04826;SELL
2019-06-08T00:00:34.028000000;2019-06-08T00:00:34.049136246;1471;248.58;1.75449;BUY
2019-06-08T00:00:34.266000000;2019-06-08T00:00:34.319754280;1485;248.57;0.00486;SELL
2019-06-08T00:00:34.266000000;2019-06-08T00:00:34.320553049;1486;248.57;0.79224;SELL
2019-06-08T00:00:35.580000000;2019-06-08T00:00:35.606879063;1542;248.57;0.04745;BUY
2019-06-08T00:00:35.998000000;2019-06-08T00:00:36.039111336;1552;248.57;5;BUY
2019-06-08T00:00:37.027000000;2019-06-08T00:00:37.049256481;1604;248.57;0.19555;BUY
2019-06-08T00:00:37.186000000;2019-06-08T00:00:37.450715996;1610;248.57;5.136;SELL
2019-06-08T00:00:37.319000000;2019-06-08T00:00:37.450715996;1614;248.57;1;SELL
2019-06-08T00:00:37.342000000;2019-06-08T00:00:37.450715996;1619;248.57;0.28183;SELL
2019-06-08T00:00:38.229000000;2019-06-08T00:00:38.293542618;1663;248.6;3.638;BUY
2019-06-08T00:00:38.229000000;2019-06-08T00:00:38.293949494;1664;248.6;2.362;BUY
2019-06-08T00:00:38.241000000;2019-06-08T00:00:38.301988009;1665;248.6;0.313;BUY
2019-06-08T00:00:38.241000000;2019-06-08T00:00:38.302690925;1666;248.61;2.19217;BUY
2019-06-08T00:00:38.241000000;2019-06-08T00:00:38.303140521;1667;248.63;3.42534;BUY
2019-06-08T00:00:39.207000000;2019-06-08T00:00:39.335616141;1719;248.59;0.06;SELL
2019-06-08T00:00:39.753000000;2019-06-08T00:00:39.776267496;1754;248.65;0.14774;BUY
2019-06-08T00:00:40.300000000;2019-06-08T00:00:40.350039138;1774;248.56;0.04307;SELL
2019-06-08T00:00:40.611000000;2019-06-08T00:00:40.632796526;1788;248.56;2e-05;SELL
2019-06-08T00:00:40.611000000;2019-06-08T00:00:40.633468503;1789;248.55;0.05998;SELL
2019-06-08T00:00:41.088000000;2019-06-08T00:00:41.166768155;1800;248.59;0.12721;BUY
2019-06-08T00:00:41.804000000;2019-06-08T00:00:41.826085893;1808;248.58;0.04605;BUY
2019-06-08T00:00:42.340000000;2019-06-08T00:00:42.400380382;1818;248.61;0.84191;BUY
2019-06-08T00:00:43.750000000;2019-06-08T00:00:43.772399625;1854;248.56;1.195;SELL
2019-06-08T00:00:43.868000000;2019-06-08T00:00:43.890893149;1860;248.56;0.257;SELL
2019-06-08T00:00:45.576000000;2019-06-08T00:00:45.599040825;1906;248.55;0.01204;SELL
2019-06-08T00:00:45.576000000;2019-06-08T00:00:45.599172381;1907;248.54;0.2503;SELL
2019-06-08T00:00:46.252000000;2019-06-08T00:00:46.305145691;1944;248.56;0.29963;SELL
2019-06-08T00:00:46.697000000;2019-06-08T00:00:46.719154198;1970;248.56;0.11757;SELL
2019-06-08T00:00:46.991000000;2019-06-08T00:00:47.042168462;1977;248.56;0.65195;SELL
2019-06-08T00:00:47.997000000;2019-06-08T00:00:48.041742049;2019;248.58;2.36589;BUY
2019-06-08T00:00:48.005000000;2019-06-08T00:00:48.041742049;2023;248.59;2;BUY
2019-06-08T00:00:48.005000000;2019-06-08T00:00:48.041742049;2024;248.59;2;BUY
2019-06-08T00:00:48.029000000;2019-06-08T00:00:48.051302354;2025;248.61;0.04794;BUY
2019-06-08T00:00:48.125000000;2019-06-08T00:00:48.234432213;2033;248.61;1.45206;BUY
2019-06-08T00:00:48.443000000;2019-06-08T00:00:48.494153871;2113;248.59;0.39905;SELL
2019-06-08T00:00:48.551000000;2019-06-08T00:00:48.583073470;2170;248.58;0.2168;SELL
2019-06-08T00:00:49.382000000;2019-06-08T00:00:49.435636458;2251;248.62;0.27467;BUY
2019-06-08T00:00:49.382000000;2019-06-08T00:00:49.436131519;2252;248.62;2.18016;BUY
2019-06-08T00:00:49.423000000;2019-06-08T00:00:49.471815239;2256;248.58;0.75109;SELL
2019-06-08T00:00:49.602000000;2019-06-08T00:00:49.625777992;2263;248.63;0.36967;BUY
2019-06-08T00:00:51.829000000;2019-06-08T00:00:51.850443893;2352;248.64;0.08591;BUY
2019-06-08T00:00:53.776000000;2019-06-08T00:00:53.796099881;2420;248.58;4;SELL
2019-06-08T00:00:53.776000000;2019-06-08T00:00:53.796758157;2421;248.56;3.97356;SELL
2019-06-08T00:00:54.246000000;2019-06-08T00:00:54.304561687;2435;248.59;0.0469;BUY
2019-06-08T00:00:54.438000000;2019-06-08T00:00:54.481938311;2477;248.58;2.231;BUY
2019-06-08T00:00:55.003000000;2019-06-08T00:00:55.042516402;2516;248.57;0.373;BUY
2019-06-08T00:00:55.009000000;2019-06-08T00:00:55.042516402;2521;248.57;0.00031;BUY
2019-06-08T00:00:55.009000000;2019-06-08T00:00:55.042516402;2523;248.58;0.0004;BUY
2019-06-08T00:00:55.009000000;2019-06-08T00:00:55.042516402;2524;248.6;2.23189;BUY
2019-06-08T00:00:55.804000000;2019-06-08T00:00:55.825462065;2571;248.65;2.64926;BUY
2019-06-08T00:00:56.058000000;2019-06-08T00:00:56.116388628;2595;248.67;2;BUY
2019-06-08T00:00:56.304000000;2019-06-08T00:00:56.356547075;2672;248.63;1.81024;SELL
2019-06-08T00:00:56.500000000;2019-06-08T00:00:56.531347881;2688;248.63;2.18955;SELL
2019-06-08T00:00:56.714000000;2019-06-08T00:00:56.735588562;2704;248.63;0.00021;SELL
2019-06-08T00:00:56.714000000;2019-06-08T00:00:56.736060176;2705;248.63;0.89371;SELL
2019-06-08T00:00:57.016000000;2019-06-08T00:00:57.102768639;2743;248.67;0.64;BUY
2019-06-08T00:00:57.055000000;2019-06-08T00:00:57.205229218;2747;248.67;0.06;BUY
2019-06-08T00:00:57.055000000;2019-06-08T00:00:57.205229218;2749;248.67;0.20258;BUY
2019-06-08T00:00:57.238000000;2019-06-08T00:00:57.298821340;2766;248.74;0.08006;BUY
2019-06-08T00:00:58.212000000;2019-06-08T00:00:58.277637702;2821;248.73;2.35968;BUY
2019-06-08T00:00:58.212000000;2019-06-08T00:00:58.278168661;2823;248.74;0.06719;BUY
2019-06-08T00:00:58.432000000;2019-06-08T00:00:58.480444550;2836;248.66;2;SELL
2019-06-08T00:01:00.068000000;2019-06-08T00:01:00.143538924;2915;248.76;0.4;BUY
2019-06-08T00:01:00.111000000;2019-06-08T00:01:00.220405727;2920;248.76;1;BUY
2019-06-08T00:01:00.474000000;2019-06-08T00:01:00.526992959;2929;248.83;0.04799;BUY
2019-06-08T00:01:00.519000000;2019-06-08T00:01:00.566799737;2930;248.77;1.00218;SELL
2019-06-08T00:01:00.595000000;2019-06-08T00:01:00.628166508;2933;248.77;0.2816;SELL
2019-06-08T00:01:00.973000000;2019-06-08T00:01:00.994009995;2946;248.77;3.95922;SELL
2019-06-08T00:01:00.973000000;2019-06-08T00:01:00.994483666;2947;248.77;2.03478;SELL
2019-06-08T00:01:01.465000000;2019-06-08T00:01:01.507750828;2963;248.78;1.703;SELL
2019-06-08T00:01:01.465000000;2019-06-08T00:01:01.508101987;2964;248.77;1.60322;SELL
2019-06-08T00:01:01.465000000;2019-06-08T00:01:01.508530552;2965;248.77;2.35751;SELL
2019-06-08T00:01:01.465000000;2019-06-08T00:01:01.509010059;2966;248.73;2.30354;SELL
2019-06-08T00:01:01.546000000;2019-06-08T00:01:01.576507900;2967;248.79;5.243;SELL
2019-06-08T00:01:01.546000000;2019-06-08T00:01:01.576870227;2968;248.74;4;SELL
2019-06-08T00:01:01.546000000;2019-06-08T00:01:01.577163684;2969;248.73;1.43357;SELL
2019-06-08T00:01:01.876000000;2019-06-08T00:01:01.900092724;2979;248.83;0.53873;BUY
2019-06-08T00:01:03.399000000;2019-06-08T00:01:03.455374652;3071;248.83;0.413;BUY
2019-06-08T00:01:04.004000000;2019-06-08T00:01:04.044734434;3093;248.83;0.00028;BUY
2019-06-08T00:01:04.186000000;2019-06-08T00:01:04.262886026;3099;248.86;4.538;BUY
2019-06-08T00:01:04.240000000;2019-06-08T00:01:04.302376757;3100;248.86;4.597;BUY
2019-06-08T00:01:04.265000000;2019-06-08T00:01:04.322494268;3102;248.86;3.1306;BUY
2019-06-08T00:01:04.690000000;2019-06-08T00:01:04.712963164;3119;248.94;0.04747;BUY
2019-06-08T00:01:08.463000000;2019-06-08T00:01:08.501215542;3380;248.95;0.14614;BUY
2019-06-08T00:01:08.958000000;2019-06-08T00:01:08.979358455;3425;248.89;0.12723;SELL
2019-06-08T00:01:08.996000000;2019-06-08T00:01:09.041780293;3430;248.89;0.373;SELL
2019-06-08T00:01:09.009000000;2019-06-08T00:01:09.041780293;3432;248.89;2.76494;SELL
2019-06-08T00:01:10.263000000;2019-06-08T00:01:10.312192025;3485;248.89;1.97783;SELL
2019-06-08T00:01:10.435000000;2019-06-08T00:01:10.473245954;3491;248.88;2.06724;SELL
2019-06-08T00:01:10.513000000;2019-06-08T00:01:10.541871456;3494;248.87;5.136;SELL
2019-06-08T00:01:10.513000000;2019-06-08T00:01:10.542042919;3495;248.87;4.09275;SELL
2019-06-08T00:01:10.515000000;2019-06-08T00:01:10.543322251;3496;248.87;1.15025;SELL
2019-06-08T00:01:10.515000000;2019-06-08T00:01:10.544002322;3497;248.87;0.44265;SELL
2019-06-08T00:01:10.530000000;2019-06-08T00:01:10.555614094;3499;248.87;4.05135;SELL
2019-06-08T00:01:10.530000000;2019-06-08T00:01:10.555935329;3500;248.87;5.243;SELL
2019-06-08T00:01:10.530000000;2019-06-08T00:01:10.556316199;3501;248.87;2.47524;SELL
2019-06-08T00:01:10.908000000;2019-06-08T00:01:10.930578448;3522;248.92;0.04492;BUY
2019-06-08T00:01:11.438000000;2019-06-08T00:01:11.482090751;3565;248.81;0.36956;SELL
2019-06-08T00:01:11.495000000;2019-06-08T00:01:11.530626434;3566;248.8;2.82;SELL
2019-06-08T00:01:11.844000000;2019-06-08T00:01:11.865476204;3592;248.72;0.74362;SELL
2019-06-08T00:01:11.844000000;2019-06-08T00:01:11.866708108;3593;248.72;0.70613;SELL
2019-06-08T00:01:11.844000000;2019-06-08T00:01:11.866708108;3594;248.72;0.36962;SELL
2019-06-08T00:01:11.956000000;2019-06-08T00:01:11.978426448;3602;248.72;0.36967;SELL
2019-06-08T00:01:11.956000000;2019-06-08T00:01:11.978930656;3603;248.71;5.24495;SELL
2019-06-08T00:01:11.956000000;2019-06-08T00:01:11.979320671;3604;248.71;1.55103;SELL
2019-06-08T00:01:11.975000000;2019-06-08T00:01:11.998622945;3607;248.71;1.72253;SELL
2019-06-08T00:01:11.975000000;2019-06-08T00:01:11.998622945;3608;248.71;4.22044;SELL
2019-06-08T00:01:11.975000000;2019-06-08T00:01:11.998622945;3609;248.71;5.24495;SELL
2019-06-08T00:01:11.975000000;2019-06-08T00:01:12.008619155;3610;248.71;3.27356;SELL
2019-06-08T00:01:11.975000000;2019-06-08T00:01:12.022592918;3611;248.71;4.22044;SELL
2019-06-08T00:01:11.975000000;2019-06-08T00:01:12.023182517;3612;248.71;5.24495;SELL
2019-06-08T00:01:11.975000000;2019-06-08T00:01:12.042577629;3613;248.71;3.27356;SELL
2019-06-08T00:01:11.975000000;2019-06-08T00:01:12.042577629;3614;248.71;4.22044;SELL
2019-06-08T00:01:11.975000000;2019-06-08T00:01:12.042577629;3616;248.71;5.24495;SELL
2019-06-08T00:01:11.975000000;2019-06-08T00:01:12.042577629;3617;248.71;3.27356;SELL
2019-06-08T00:01:11.975000000;2019-06-08T00:01:12.042577629;3618;248.71;4.22044;SELL
2019-06-08T00:01:11.975000000;2019-06-08T00:01:12.042577629;3619;248.71;5.24495;SELL
2019-06-08T00:01:11.975000000;2019-06-08T00:01:12.042577629;3620;248.71;3.27356;SELL
2019-06-08T00:01:11.975000000;2019-06-08T00:01:12.042577629;3621;248.71;3.84183;SELL
2019-06-08T00:01:12.042000000;2019-06-08T00:01:12.063180132;3624;248.72;0.36967;SELL
2019-06-08T00:01:12.298000000;2019-06-08T00:01:12.353184189;3633;248.7;0.3697;SELL
2019-06-08T00:01:12.617000000;2019-06-08T00:01:12.645253006;3658;248.69;6.09271;SELL
2019-06-08T00:01:12.617000000;2019-06-08T00:01:12.645253006;3659;248.69;1.0507;SELL
2019-06-08T00:01:12.617000000;2019-06-08T00:01:12.645253006;3660;248.69;5.98724;SELL
2019-06-08T00:01:12.617000000;2019-06-08T00:01:12.645253006;3661;248.69;0.11947;SELL
2019-06-08T00:01:12.617000000;2019-06-08T00:01:12.645253006;3662;248.69;5.58993;SELL
2019-06-08T00:01:12.817000000;2019-06-08T00:01:12.840573633;3671;248.69;0.1735;SELL
2019-06-08T00:01:15.129000000;2019-06-08T00:01:15.231619981;3777;248.77;0.04524;BUY
2019-06-08T00:01:15.782000000;2019-06-08T00:01:15.803630607;3805;248.67;1.55899;SELL
2019-06-08T00:01:16.986000000;2019-06-08T00:01:17.057735582;3876;248.71;0.74362;BUY
2019-06-08T00:01:16.986000000;2019-06-08T00:01:17.057735582;3877;248.72;2.25442;BUY
2019-06-08T00:01:18.056000000;2019-06-08T00:01:18.085259008;3919;248.64;1.20649;SELL
2019-06-08T00:01:18.056000000;2019-06-08T00:01:18.085259008;3920;248.64;0.80246;SELL
2019-06-08T00:01:19.348000000;2019-06-08T00:01:19.391653096;3980;248.73;0.04535;BUY
2019-06-08T00:01:21.224000000;2019-06-08T00:01:21.286385046;4132;248.72;0.274;BUY
2019-06-08T00:01:22.542000000;2019-06-08T00:01:22.567275740;4281;248.71;0.69551;BUY
2019-06-08T00:01:22.542000000;2019-06-08T00:01:22.567793088;4282;248.71;1.20449;BUY
2019-06-08T00:01:22.872000000;2019-06-08T00:01:22.892426919;4291;248.63;7.97283;SELL
2019-06-08T00:01:23.039000000;2019-06-08T00:01:23.057217253;4297;248.62;0.91688;SELL
2019-06-08T00:01:23.265000000;2019-06-08T00:01:23.316518737;4305;248.67;0.24463;BUY
2019-06-08T00:01:23.561000000;2019-06-08T00:01:23.589924769;4315;248.7;0.04772;BUY
2019-06-08T00:01:23.654000000;2019-06-08T00:01:23.674849076;4319;248.62;0.04826;SELL
2019-06-08T00:01:23.903000000;2019-06-08T00:01:23.925894191;4321;248.62;6.97623;SELL
2019-06-08T00:01:25.729000000;2019-06-08T00:01:25.750477313;4378;248.61;7.97283;SELL
2019-06-08T00:01:27.442000000;2019-06-08T00:01:27.473275293;4420;248.61;1.40599;BUY
2019-06-08T00:01:27.801000000;2019-06-08T00:01:27.824112404;4432;248.67;0.04827;BUY
2019-06-08T00:01:31.007000000;2019-06-08T00:01:31.045373316;4536;248.57;4;BUY
2019-06-08T00:01:31.017000000;2019-06-08T00:01:31.045373316;4549;248.57;0.38031;BUY
2019-06-08T00:01:31.167000000;2019-06-08T00:01:31.244935042;4561;248.57;0.48276;BUY
2019-06-08T00:01:31.167000000;2019-06-08T00:01:31.245718476;4562;248.57;0.06304;BUY
2019-06-08T00:01:31.225000000;2019-06-08T00:01:31.288721766;4565;248.59;2;BUY
2019-06-08T00:01:32.002000000;2019-06-08T00:01:32.045744332;4587;248.67;0.04504;BUY
2019-06-08T00:01:32.652000000;2019-06-08T00:01:32.676003726;4595;248.6;2;SELL
2019-06-08T00:01:33.119000000;2019-06-08T00:01:33.207831120;4604;248.61;1.125;BUY
2019-06-08T00:01:33.334000000;2019-06-08T00:01:33.376643259;4609;248.61;0.257;BUY
2019-06-08T00:01:33.615000000;2019-06-08T00:01:33.637562592;4617;248.61;0.4759;BUY
2019-06-08T00:01:34.004000000;2019-06-08T00:01:34.044896725;4635;248.62;3;BUY
2019-06-08T00:01:34.015000000;2019-06-08T00:01:34.044896725;4636;248.62;0.0969;BUY
2019-06-08T00:01:34.399000000;2019-06-08T00:01:34.475800936;4692;248.62;0.24893;SELL
2019-06-08T00:01:34.510000000;2019-06-08T00:01:34.539338426;4716;248.62;0.07514;SELL
2019-06-08T00:01:34.724000000;2019-06-08T00:01:34.745969546;4726;248.62;1;SELL
2019-06-08T00:01:35.451000000;2019-06-08T00:01:35.492780801;4751;248.63;0.09809;SELL
2019-06-08T00:01:36.241000000;2019-06-08T00:01:36.298241347;4778;248.7;0.0259;BUY
2019-06-08T00:01:36.241000000;2019-06-08T00:01:36.298807040;4779;248.73;0.02209;BUY
2019-06-08T00:01:36.505000000;2019-06-08T00:01:36.546097696;4793;248.72;0.777;BUY
2019-06-08T00:01:38.193000000;2019-06-08T00:01:38.266996414;4847;248.72;0.12838;BUY
2019-06-08T00:01:39.015000000;2019-06-08T00:01:39.045733642;4910;248.67;0.74346;SELL
2019-06-08T00:01:39.157000000;2019-06-08T00:01:39.330948017;4918;248.66;0.96629;SELL
2019-06-08T00:01:40.447000000;2019-06-08T00:01:40.480866856;5017;248.73;0.04483;BUY
2019-06-08T00:01:40.657000000;2019-06-08T00:01:40.677725208;5027;248.58;2.54;SELL
2019-06-08T00:01:40.657000000;2019-06-08T00:01:40.678238132;5028;248.56;4.80491;SELL
2019-06-08T00:01:40.657000000;2019-06-08T00:01:40.678826730;5029;248.55;0.62808;SELL
2019-06-08T00:01:41.007000000;2019-06-08T00:01:41.044777686;5049;248.59;2;BUY
2019-06-08T00:01:41.063000000;2019-06-08T00:01:41.165347011;5054;248.7;0.52591;BUY
2019-06-08T00:01:42.610000000;2019-06-08T00:01:42.633923165;5131;248.7;0.07614;BUY
2019-06-08T00:01:42.770000000;2019-06-08T00:01:42.791208190;5139;248.62;4;SELL
2019-06-08T00:01:42.770000000;2019-06-08T00:01:42.791588045;5140;248.61;0.38564;SELL
2019-06-08T00:01:42.770000000;2019-06-08T00:01:42.792101964;5141;248.6;4.04519;SELL
2019-06-08T00:01:43.712000000;2019-06-08T00:01:43.734139453;5184;248.62;3;SELL
2019-06-08T00:01:44.659000000;2019-06-08T00:01:44.682206603;5263;248.7;0.04428;BUY
2019-06-08T00:01:44.667000000;2019-06-08T00:01:44.687286825;5264;248.7;1.6226;BUY
2019-06-08T00:01:44.687000000;2019-06-08T00:01:44.708753931;5266;248.71;0.3699;BUY
2019-06-08T00:01:44.713000000;2019-06-08T00:01:44.735777287;5267;248.71;3e-05;BUY
2019-06-08T00:01:44.713000000;2019-06-08T00:01:44.736461986;5268;248.72;6.24997;BUY
2019-06-08T00:01:45.027000000;2019-06-08T00:01:45.048960424;5285;248.72;1.75003;BUY
2019-06-08T00:01:45.052000000;2019-06-08T00:01:45.074625137;5291;248.73;2.18147;BUY
2019-06-08T00:01:45.791000000;2019-06-08T00:01:45.813107230;5337;248.73;0.05245;BUY
2019-06-08T00:01:45.907000000;2019-06-08T00:01:45.929385012;5346;248.73;0.72455;BUY
2019-06-08T00:01:46.014000000;2019-06-08T00:01:46.046508130;5348;248.73;7.223;BUY
2019-06-08T00:01:46.122000000;2019-06-08T00:01:46.291020763;5356;248.74;0.05245;BUY
2019-06-08T00:01:46.216000000;2019-06-08T00:01:46.302568265;5360;248.73;0.11348;SELL
2019-06-08T00:01:46.255000000;2019-06-08T00:01:46.312662551;5361;248.73;0.11348;SELL
2019-06-08T00:01:47.787000000;2019-06-08T00:01:47.810238192;5411;248.76;0.30916;BUY
2019-06-08T00:01:48.409000000;2019-06-08T00:01:48.459418970;5446;248.73;1.59457;SELL
2019-06-08T00:01:48.830000000;2019-06-08T00:01:48.851412332;5461;248.76;0.265;BUY
2019-06-08T00:01:48.886000000;2019-06-08T00:01:48.907129929;5468;248.76;0.04801;BUY
2019-06-08T00:01:50.879000000;2019-06-08T00:01:50.902563779;5534;248.67;2;SELL
2019-06-08T00:01:51.011000000;2019-06-08T00:01:51.044898942;5542;248.76;0.53992;BUY
2019-06-08T00:01:51.377000000;2019-06-08T00:01:51.432968175;5562;248.75;0.256;BUY
2019-06-08T00:01:51.492000000;2019-06-08T00:01:51.534709072;5566;248.75;0.135;BUY
2019-06-08T00:01:52.030000000;2019-06-08T00:01:52.051141809;5581;248.75;1.184;BUY
2019-06-08T00:01:52.780000000;2019-06-08T00:01:52.801929131;5622;248.75;0.43;BUY
2019-06-08T00:01:52.873000000;2019-06-08T00:01:52.896319738;5627;248.75;0.695;BUY
2019-06-08T00:01:53.105000000;2019-06-08T00:01:53.251847275;5635;248.75;0.04662;BUY
2019-06-08T00:01:53.410000000;2019-06-08T00:01:53.461837353;5649;248.75;1.125;BUY
2019-06-08T00:01:53.502000000;2019-06-08T00:01:53.542769331;5655;248.75;0.74;BUY
2019-06-08T00:01:53.731000000;2019-06-08T00:01:53.753964307;5666;248.75;0.576;BUY
2019-06-08T00:01:54.210000000;2019-06-08T00:01:54.289247734;5691;248.75;0.00062;BUY
2019-06-08T00:01:54.210000000;2019-06-08T00:01:54.289247734;5692;248.81;0.11098;BUY
2019-06-08T00:01:54.826000000;2019-06-08T00:01:54.849487272;5720;248.81;0.13809;BUY
2019-06-08T00:01:55.312000000;2019-06-08T00:01:55.356228087;5739;248.75;0.78877;SELL
2019-06-08T00:01:55.761000000;2019-06-08T00:01:55.782955417;5759;248.75;1.34634;SELL
2019-06-08T00:01:55.761000000;2019-06-08T00:01:55.783601679;5760;248.74;1.99059;SELL
2019-06-08T00:01:55.761000000;2019-06-08T00:01:55.784504432;5761;248.68;0.16828;SELL
2019-06-08T00:01:57.932000000;2019-06-08T00:01:57.955317973;5830;248.7;1.35414;SELL
2019-06-08T00:01:57.932000000;2019-06-08T00:01:57.955977039;5831;248.69;2.21568;SELL
2019-06-08T00:01:57.932000000;2019-06-08T00:01:57.956848738;5832;248.67;0.36977;SELL
2019-06-08T00:01:57.932000000;2019-06-08T00:01:57.957160698;5833;248.66;2.8;SELL
2019-06-08T00:01:57.932000000;2019-06-08T00:01:57.957687383;5834;248.62;1.23387;SELL
2019-06-08T00:01:58.000000000;2019-06-08T00:01:58.044928202;5838;248.63;2.14368;SELL
2019-06-08T00:01:58.000000000;2019-06-08T00:01:58.044928202;5839;248.63;0.74419;SELL
2019-06-08T00:01:58.000000000;2019-06-08T00:01:58.044928202;5840;248.62;8;SELL
2019-06-08T00:01:58.000000000;2019-06-08T00:01:58.044928202;5841;248.6;4.4454;SELL
2019-06-08T00:01:58.000000000;2019-06-08T00:01:58.044928202;5842;248.58;0.61557;SELL
2019-06-08T00:01:59.323000000;2019-06-08T00:01:59.369934575;5894;248.77;0.04666;BUY
2019-06-08T00:01:59.619000000;2019-06-08T00:01:59.641560725;5902;248.6;0.04212;SELL
2019-06-08T00:01:59.812000000;2019-06-08T00:01:59.832518210;5911;248.59;0.29952;SELL
2019-06-08T00:02:02.008000000;2019-06-08T00:02:02.045209882;5999;248.71;0.73965;BUY
2019-06-08T00:02:02.008000000;2019-06-08T00:02:02.045209882;6000;248.71;0.15585;BUY
2019-06-08T00:02:04.764000000;2019-06-08T00:02:04.786229629;6099;248.59;0.0576;SELL
2019-06-08T00:02:05.166000000;2019-06-08T00:02:05.278206156;6128;248.64;2.39266;BUY
2019-06-08T00:02:05.563000000;2019-06-08T00:02:05.584518001;6131;248.69;0.04493;BUY
2019-06-08T00:02:06.092000000;2019-06-08T00:02:06.208965813;6151;248.68;1.24733;BUY
2019-06-08T00:02:06.092000000;2019-06-08T00:02:06.208965813;6152;248.69;2.22134;BUY
2019-06-08T00:02:06.092000000;2019-06-08T00:02:06.208965813;6153;248.69;1.43207;BUY
2019-06-08T00:02:08.440000000;2019-06-08T00:02:08.485154864;6206;248.69;1.6726;BUY
2019-06-08T00:02:09.769000000;2019-06-08T00:02:09.797150162;6231;248.72;0.04517;BUY
2019-06-08T00:02:10.649000000;2019-06-08T00:02:10.677220121;6258;248.72;0.09679;BUY
2019-06-08T00:02:10.730000000;2019-06-08T00:02:10.753036690;6260;248.62;2.10351;SELL
2019-06-08T00:02:10.730000000;2019-06-08T00:02:10.753740727;6261;248.61;0.36987;SELL
2019-06-08T00:02:10.730000000;2019-06-08T00:02:10.754176219;6262;248.61;4;SELL
2019-06-08T00:02:10.730000000;2019-06-08T00:02:10.754722346;6263;248.55;1.50059;SELL
2019-06-08T00:02:12.799000000;2019-06-08T00:02:12.837203616;6318;248.56;0.36989;SELL
2019-06-08T00:02:12.799000000;2019-06-08T00:02:12.837203616;6319;248.56;2.26374;SELL
2019-06-08T00:02:12.799000000;2019-06-08T00:02:12.837203616;6320;248.55;0.20944;SELL
2019-06-08T00:02:12.799000000;2019-06-08T00:02:12.837203616;6321;248.54;0.11182;SELL
2019-06-08T00:02:12.799000000;2019-06-08T00:02:12.837203616;6322;248.54;0.11354;SELL
2019-06-08T00:02:12.799000000;2019-06-08T00:02:12.837203616;6323;248.53;0.35899;SELL
2019-06-08T00:02:12.799000000;2019-06-08T00:02:12.837203616;6324;248.53;0.99858;SELL
2019-06-08T00:02:12.938000000;2019-06-08T00:02:12.965199160;6329;248.66;0.369;BUY
2019-06-08T00:02:13.044000000;2019-06-08T00:02:13.066772654;6336;248.65;4;BUY
2019-06-08T00:02:13.146000000;2019-06-08T00:02:13.317232156;6339;248.65;4;BUY
2019-06-08T00:02:13.359000000;2019-06-08T00:02:13.417205490;6342;248.65;4;BUY
2019-06-08T00:02:13.458000000;2019-06-08T00:02:13.497647342;6346;248.65;4;BUY
2019-06-08T00:02:13.585000000;2019-06-08T00:02:13.607284674;6354;248.66;0.00095;BUY
2019-06-08T00:02:13.585000000;2019-06-08T00:02:13.607748787;6355;248.66;1.64505;BUY
2019-06-08T00:02:13.988000000;2019-06-08T00:02:14.000532751;6361;248.68;0.04809;BUY
2019-06-08T00:02:14.123000000;2019-06-08T00:02:14.286831148;6380;248.68;0.691;BUY
2019-06-08T00:02:14.325000000;2019-06-08T00:02:14.373223808;6384;248.67;0.676;BUY
2019-06-08T00:02:15.322000000;2019-06-08T00:02:15.373192129;6413;248.63;0.49803;SELL
2019-06-08T00:02:18.498000000;2019-06-08T00:02:18.533151570;6509;248.66;0.369;BUY
2019-06-08T00:02:19.426000000;2019-06-08T00:02:19.464211493;6524;248.66;0.36997;BUY
2019-06-08T00:02:19.426000000;2019-06-08T00:02:19.464671509;6525;248.67;0.00046;BUY
2019-06-08T00:02:19.426000000;2019-06-08T00:02:19.465170258;6526;248.67;0.30157;BUY
2019-06-08T00:02:19.478000000;2019-06-08T00:02:19.525247149;6527;248.67;0.521;BUY
2019-06-08T00:02:20.204000000;2019-06-08T00:02:20.302395610;6554;248.67;0.00073;BUY
2019-06-08T00:02:20.204000000;2019-06-08T00:02:20.311862262;6555;248.7;0.04622;BUY
2019-06-08T00:02:21.921000000;2019-06-08T00:02:21.957231499;6586;248.61;0.40569;SELL
2019-06-08T00:02:23.232000000;2019-06-08T00:02:23.329152206;6635;248.6;2.29823;SELL
2019-06-08T00:02:23.232000000;2019-06-08T00:02:23.329152206;6636;248.6;0.20112;SELL
2019-06-08T00:02:23.249000000;2019-06-08T00:02:23.329152206;6640;248.57;0.36996;SELL
2019-06-08T00:02:24.011000000;2019-06-08T00:02:24.032897300;6669;248.57;0.53357;BUY
2019-06-08T00:02:26.208000000;2019-06-08T00:02:26.303135029;6705;248.53;4.19438;BUY
2019-06-08T00:02:26.214000000;2019-06-08T00:02:26.307612331;6706;248.56;0.99278;BUY
2019-06-08T00:02:26.428000000;2019-06-08T00:02:26.471635089;6709;248.65;0.0442;BUY
2019-06-08T00:02:26.618000000;2019-06-08T00:02:26.638895392;6717;248.65;0.41007;BUY
2019-06-08T00:02:30.648000000;2019-06-08T00:02:30.669932509;6835;248.64;0.04757;BUY
2019-06-08T00:02:31.749000000;2019-06-08T00:02:31.773836237;6862;248.6;3.86155;BUY
2019-06-08T00:02:34.894000000;2019-06-08T00:02:34.916591369;7003;248.63;0.04672;BUY
2019-06-08T00:02:35.389000000;2019-06-08T00:02:35.435292429;7023;248.63;0.67969;BUY
2019-06-08T00:02:38.224000000;2019-06-08T00:02:38.315162247;7111;248.6;2.25554;BUY
2019-06-08T00:02:38.229000000;2019-06-08T00:02:38.315162247;7112;248.58;0.76412;SELL
2019-06-08T00:02:38.514000000;2019-06-08T00:02:38.542710553;7133;248.63;0.08972;BUY
2019-06-08T00:02:41.093000000;2019-06-08T00:02:41.168507342;7265;248.66;0.04508;BUY
2019-06-08T00:02:44.285000000;2019-06-08T00:02:44.339944568;7401;248.63;1.13729;SELL
2019-06-08T00:02:44.285000000;2019-06-08T00:02:44.340345583;7402;248.57;0.39942;SELL
2019-06-08T00:02:47.305000000;2019-06-08T00:02:47.348488367;7491;248.63;0.04429;BUY
2019-06-08T00:02:48.607000000;2019-06-08T00:02:48.628848377;7521;248.59;0.1513;SELL
2019-06-08T00:02:48.715000000;2019-06-08T00:02:48.737447634;7526;248.59;0.21858;SELL
2019-06-08T00:02:48.718000000;2019-06-08T00:02:48.741980076;7527;248.63;1.69577;BUY
2019-06-08T00:02:51.530000000;2019-06-08T00:02:51.551520023;7617;248.68;0.04749;BUY
2019-06-08T00:02:55.381000000;2019-06-08T00:02:55.417448415;7730;248.61;3.38536;BUY
2019-06-08T00:02:55.384000000;2019-06-08T00:02:55.421460936;7731;248.59;1.12037;SELL
2019-06-08T00:02:55.746000000;2019-06-08T00:02:55.767565532;7738;248.65;0.0451;BUY
2019-06-08T00:02:57.180000000;2019-06-08T00:02:57.292915301;7803;248.64;1.40042;BUY
2019-06-08T00:02:59.969000000;2019-06-08T00:02:59.990492029;7867;248.65;0.04545;BUY
2019-06-08T00:03:00.057000000;2019-06-08T00:03:00.079070712;7869;248.63;0.25799;SELL
2019-06-08T00:03:00.058000000;2019-06-08T00:03:00.080056853;7870;248.58;1.97722;SELL
2019-06-08T00:03:01.663000000;2019-06-08T00:03:01.686543916;7894;248.65;1.31284;BUY
2019-06-08T00:03:01.663000000;2019-06-08T00:03:01.687305648;7896;248.68;0.71426;BUY
2019-06-08T00:03:03.204000000;2019-06-08T00:03:03.301375824;7951;248.58;0.04426;SELL
2019-06-08T00:03:04.188000000;2019-06-08T00:03:04.296715226;7966;248.67;0.04647;BUY
2019-06-08T00:03:06.277000000;2019-06-08T00:03:06.327604018;8036;248.59;0.63235;SELL
2019-06-08T00:03:06.280000000;2019-06-08T00:03:06.329989464;8040;248.61;0.63905;BUY
2019-06-08T00:03:06.740000000;2019-06-08T00:03:06.762806860;8058;248.64;0.105;BUY
2019-06-08T00:03:07.022000000;2019-06-08T00:03:07.043875245;8081;248.57;2.30836;SELL
2019-06-08T00:03:07.777000000;2019-06-08T00:03:07.798372734;8106;248.56;0.16936;SELL
2019-06-08T00:03:07.979000000;2019-06-08T00:03:08.000031961;8123;248.56;0.16935;SELL
2019-06-08T00:03:08.412000000;2019-06-08T00:03:08.460851580;8134;248.61;0.04621;BUY
2019-06-08T00:03:08.495000000;2019-06-08T00:03:08.534522528;8137;248.52;0.08;SELL
2019-06-08T00:03:09.012000000;2019-06-08T00:03:09.035020044;8151;248.52;2.06224;SELL
2019-06-08T00:03:09.012000000;2019-06-08T00:03:09.035760683;8152;248.51;0.37002;SELL
2019-06-08T00:03:09.036000000;2019-06-08T00:03:09.056818987;8153;248.5;6.25;SELL
2019-06-08T00:03:09.039000000;2019-06-08T00:03:09.059666283;8154;248.5;1.23402;SELL
2019-06-08T00:03:09.256000000;2019-06-08T00:03:09.326676424;8177;248.5;0.25593;SELL
2019-06-08T00:03:11.998000000;2019-06-08T00:03:12.021312009;8257;248.55;1.33791;BUY
2019-06-08T00:03:12.012000000;2019-06-08T00:03:12.032881951;8258;248.55;0.37562;BUY
2019-06-08T00:03:12.624000000;2019-06-08T00:03:12.645353933;8278;248.58;0.04818;BUY
2019-06-08T00:03:15.009000000;2019-06-08T00:03:15.031127529;8329;248.58;1.2897;BUY
2019-06-08T00:03:15.030000000;2019-06-08T00:03:15.051052991;8334;248.58;3e-05;BUY
2019-06-08T00:03:15.082000000;2019-06-08T00:03:15.102562615;8337;248.59;2.14196;BUY
2019-06-08T00:03:16.861000000;2019-06-08T00:03:16.882505696;8384;248.65;0.04756;BUY
2019-06-08T00:03:17.690000000;2019-06-08T00:03:17.713631778;8403;248.61;1.59693;SELL
2019-06-08T00:03:17.691000000;2019-06-08T00:03:17.714674649;8404;248.59;0.35156;SELL
2019-06-08T00:03:18.011000000;2019-06-08T00:03:18.033675743;8419;248.56;0.04378;SELL
2019-06-08T00:03:21.072000000;2019-06-08T00:03:21.092188330;8490;248.59;0.04807;BUY
2019-06-08T00:03:24.271000000;2019-06-08T00:03:24.333859708;8558;248.55;0.14724;BUY
2019-06-08T00:03:25.299000000;2019-06-08T00:03:25.349893044;8572;248.54;0.0457;BUY
2019-06-08T00:03:26.284000000;2019-06-08T00:03:26.339768632;8583;248.5;1.05181;SELL
2019-06-08T00:03:26.284000000;2019-06-08T00:03:26.340236973;8584;248.5;0.13534;SELL
2019-06-08T00:03:26.284000000;2019-06-08T00:03:26.340575153;8585;248.49;0.37014;SELL
2019-06-08T00:03:26.284000000;2019-06-08T00:03:26.340916307;8586;248.48;0.14086;SELL
2019-06-08T00:03:26.284000000;2019-06-08T00:03:26.341224214;8587;248.46;0.09291;SELL
2019-06-08T00:03:26.284000000;2019-06-08T00:03:26.341538964;8588;248.45;0.43201;SELL
2019-06-08T00:03:26.284000000;2019-06-08T00:03:26.341898634;8589;248.45;0.11354;SELL
2019-06-08T00:03:26.284000000;2019-06-08T00:03:26.342286413;8590;248.44;0.06301;SELL
2019-06-08T00:03:26.284000000;2019-06-08T00:03:26.342554124;8591;248.44;5.58103;SELL
2019-06-08T00:03:26.381000000;2019-06-08T00:03:26.418971751;8594;248.45;2.19263;SELL
2019-06-08T00:03:26.465000000;2019-06-08T00:03:26.500809327;8595;248.52;0.45786;BUY
2019-06-08T00:03:27.889000000;2019-06-08T00:03:27.910978866;8618;248.46;0.9737;SELL
2019-06-08T00:03:31.508000000;2019-06-08T00:03:31.536698269;8738;248.49;0.04422;BUY
2019-06-08T00:03:32.351000000;2019-06-08T00:03:32.394362531;8756;248.42;0.409;SELL
2019-06-08T00:03:35.692000000;2019-06-08T00:03:35.715212623;8833;248.43;0.08013;BUY
2019-06-08T00:03:37.724000000;2019-06-08T00:03:37.747649723;8864;248.43;0.0469;BUY
2019-06-08T00:03:41.954000000;2019-06-08T00:03:41.977051347;8949;248.43;0.04551;BUY
2019-06-08T00:03:44.703000000;2019-06-08T00:03:44.726084491;9032;248.47;0.08;BUY
2019-06-08T00:03:46.178000000;2019-06-08T00:03:46.292805766;9055;248.47;0.04517;BUY
2019-06-08T00:03:47.357000000;2019-06-08T00:03:47.397794276;9078;248.44;3.96983;BUY
2019-06-08T00:03:47.360000000;2019-06-08T00:03:47.399819322;9079;248.46;0.92077;BUY
2019-06-08T00:03:49.284000000;2019-06-08T00:03:49.347274787;9106;248.47;0.33639;BUY
2019-06-08T00:03:50.392000000;2019-06-08T00:03:50.437027644;9130;248.47;0.04736;BUY
2019-06-08T00:03:50.551000000;2019-06-08T00:03:50.579108256;9143;248.44;1.519;SELL
2019-06-08T00:03:50.750000000;2019-06-08T00:03:50.770911828;9152;248.44;0.207;SELL
2019-06-08T00:03:51.170000000;2019-06-08T00:03:51.328719909;9173;248.47;1.42945;BUY
2019-06-08T00:03:52.287000000;2019-06-08T00:03:52.345890049;9196;248.5;1;BUY
2019-06-08T00:03:52.920000000;2019-06-08T00:03:52.943310945;9202;248.45;4;SELL
2019-06-08T00:03:52.920000000;2019-06-08T00:03:52.943806325;9203;248.44;0.00073;SELL
2019-06-08T00:03:52.920000000;2019-06-08T00:03:52.944426745;9204;248.43;5;SELL
2019-06-08T00:03:52.920000000;2019-06-08T00:03:52.945110631;9205;248.42;0.00021;SELL
2019-06-08T00:03:52.920000000;2019-06-08T00:03:52.945596128;9206;248.41;0.04167;SELL
2019-06-08T00:03:52.920000000;2019-06-08T00:03:52.945898785;9207;248.4;0.1;SELL
2019-06-08T00:03:53.059000000;2019-06-08T00:03:53.080274753;9210;248.4;253;BUY
2019-06-08T00:03:53.072000000;2019-06-08T00:03:53.093555563;9211;248.4;0.49265;BUY
2019-06-08T00:03:55.915000000;2019-06-08T00:03:55.936199063;9258;248.42;0.55031;SELL
2019-06-08T00:03:56.610000000;2019-06-08T00:03:56.633800146;9268;248.54;0.04451;BUY
2019-06-08T00:03:57.145000000;2019-06-08T00:03:57.406649033;9274;248.42;0.37016;SELL
2019-06-08T00:03:57.145000000;2019-06-08T00:03:57.406649033;9275;248.41;2.15555;SELL
2019-06-08T00:03:57.145000000;2019-06-08T00:03:57.406649033;9276;248.41;5.45622;SELL
2019-06-08T00:03:59.811000000;2019-06-08T00:03:59.833571601;9315;248.42;2.35288;SELL
2019-06-08T00:04:00.837000000;2019-06-08T00:04:00.859493029;9338;248.5;0.0449;BUY
2019-06-08T00:04:03.380000000;2019-06-08T00:04:03.415339075;9361;248.44;1.42107;SELL
2019-06-08T00:04:03.387000000;2019-06-08T00:04:03.423036203;9362;248.4;2.06201;SELL
2019-06-08T00:04:03.551000000;2019-06-08T00:04:03.574217222;9366;248.42;0.261;BUY
2019-06-08T00:04:04.873000000;2019-06-08T00:04:04.894677942;9389;248.42;0.01403;BUY
2019-06-08T00:04:05.049000000;2019-06-08T00:04:05.069748220;9399;248.47;0.04561;BUY
2019-06-08T00:04:05.590000000;2019-06-08T00:04:05.610934909;9410;248.41;4;SELL
2019-06-08T00:04:05.590000000;2019-06-08T00:04:05.611952653;9411;248.41;2.31842;SELL
2019-06-08T00:04:05.590000000;2019-06-08T00:04:05.612547779;9412;248.4;0.89248;SELL
2019-06-08T00:04:08.244000000;2019-06-08T00:04:08.329544765;9507;248.46;0.32217;BUY
2019-06-08T00:04:08.248000000;2019-06-08T00:04:08.333551893;9509;248.43;1.88386;SELL
2019-06-08T00:04:09.270000000;2019-06-08T00:04:09.355236860;9542;248.46;0.04504;BUY
2019-06-08T00:04:12.261000000;2019-06-08T00:04:12.347619988;9578;248.47;1.68709;BUY
2019-06-08T00:04:12.786000000;2019-06-08T00:04:12.807889101;9594;248.38;0.72457;SELL
2019-06-08T00:04:12.786000000;2019-06-08T00:04:12.808722635;9595;248.38;0.10908;SELL
2019-06-08T00:04:13.786000000;2019-06-08T00:04:13.809877499;9624;248.46;0.40191;BUY
2019-06-08T00:04:14.533000000;2019-06-08T00:04:14.564857806;9634;248.42;3.50356;BUY
2019-06-08T00:04:14.537000000;2019-06-08T00:04:14.566470446;9635;248.4;0.86928;SELL
2019-06-08T00:04:15.493000000;2019-06-08T00:04:15.521790058;9641;248.45;0.04511;BUY
2019-06-08T00:04:16.594000000;2019-06-08T00:04:16.616017855;9661;248.44;0.18362;SELL
2019-06-08T00:04:17.237000000;2019-06-08T00:04:17.335885943;9697;248.43;0.13543;BUY
2019-06-08T00:04:18.902000000;2019-06-08T00:04:18.923452725;9731;248.39;1.46425;BUY
2019-06-08T00:04:19.327000000;2019-06-08T00:04:19.380712654;9743;248.41;0.1269;BUY
2019-06-08T00:04:21.716000000;2019-06-08T00:04:21.737794420;9864;248.41;0.04635;BUY
2019-06-08T00:04:22.897000000;2019-06-08T00:04:22.919768377;9885;248.41;0.07364;BUY
2019-06-08T00:04:22.897000000;2019-06-08T00:04:22.921165524;9886;248.42;0.02636;BUY
2019-06-08T00:04:22.902000000;2019-06-08T00:04:22.923877081;9887;248.42;0.06211;BUY
2019-06-08T00:04:24.260000000;2019-06-08T00:04:24.324061004;9927;248.37;0.11354;SELL
2019-06-08T00:04:24.260000000;2019-06-08T00:04:24.326653747;9928;248.37;0.37914;SELL
2019-06-08T00:04:25.102000000;2019-06-08T00:04:25.122731147;9962;248.37;1.7701;SELL
2019-06-08T00:04:25.239000000;2019-06-08T00:04:25.355525918;9973;248.4;1.14794;BUY
2019-06-08T00:04:25.243000000;2019-06-08T00:04:25.355525918;9974;248.39;1.71507;SELL
2019-06-08T00:04:25.938000000;2019-06-08T00:04:25.959667684;9993;248.4;0.04663;BUY
2019-06-08T00:04:25.956000000;2019-06-08T00:04:25.976891669;9994;248.37;4e-05;SELL
2019-06-08T00:04:26.396000000;2019-06-08T00:04:26.445126304;10025;248.34;1.081;SELL
2019-06-08T00:04:26.792000000;2019-06-08T00:04:26.815337845;10043;248.35;0.66;SELL
2019-06-08T00:04:26.797000000;2019-06-08T00:04:26.819155514;10044;248.35;0.3083;SELL
2019-06-08T00:04:27.160000000;2019-06-08T00:04:27.322782146;10051;248.34;0.00025;SELL
2019-06-08T00:04:27.422000000;2019-06-08T00:04:27.475033326;10054;248.32;0.37;SELL
2019-06-08T00:04:27.964000000;2019-06-08T00:04:27.986848508;10089;248.32;0.00029;SELL
2019-06-08T00:04:28.442000000;2019-06-08T00:04:28.496517456;10145;248.31;0.12615;SELL
2019-06-08T00:04:28.443000000;2019-06-08T00:04:28.499625914;10146;248.29;0.12575;SELL
2019-06-08T00:04:28.466000000;2019-06-08T00:04:28.518752427;10147;248.29;5.772;SELL
2019-06-08T00:04:28.547000000;2019-06-08T00:04:28.588404471;10160;248.29;5.2028;SELL
2019-06-08T00:04:28.549000000;2019-06-08T00:04:28.590970870;10161;248.28;0.11354;SELL
2019-06-08T00:04:28.549000000;2019-06-08T00:04:28.591491120;10162;248.28;0.06056;SELL
2019-06-08T00:04:28.839000000;2019-06-08T00:04:28.860143252;10187;248.31;0.37254;BUY
2019-06-08T00:04:29.236000000;2019-06-08T00:04:29.350407102;10206;248.24;0.25675;SELL
2019-06-08T00:04:29.290000000;2019-06-08T00:04:29.377917965;10209;248.3;1.21044;BUY
2019-06-08T00:04:29.649000000;2019-06-08T00:04:29.676184512;10220;248.29;0.1;BUY
2019-06-08T00:04:30.149000000;2019-06-08T00:04:30.218341457;10236;248.29;0.045;BUY
2019-06-08T00:04:30.397000000;2019-06-08T00:04:30.449755675;10240;248.28;1.06544;BUY
2019-06-08T00:04:30.397000000;2019-06-08T00:04:30.450205088;10241;248.29;0.88736;BUY
2019-06-08T00:04:31.108000000;2019-06-08T00:04:31.131087298;10259;248.27;4.22313;BUY
2019-06-08T00:04:31.767000000;2019-06-08T00:04:31.788773151;10290;248.29;0.3391;BUY
2019-06-08T00:04:33.802000000;2019-06-08T00:04:33.825041153;10401;248.27;0.4028;SELL
2019-06-08T00:04:35.182000000;2019-06-08T00:04:35.319744031;10452;248.26;0.35;SELL
2019-06-08T00:04:35.758000000;2019-06-08T00:04:35.780391359;10479;248.26;1.0465;SELL
2019-06-08T00:04:35.884000000;2019-06-08T00:04:35.906410913;10484;248.26;0.0011;SELL
2019-06-08T00:04:36.188000000;2019-06-08T00:04:36.332507774;10513;248.21;0.05139;SELL
2019-06-08T00:04:36.376000000;2019-06-08T00:04:36.420353983;10541;248.26;0.04635;BUY
2019-06-08T00:04:37.253000000;2019-06-08T00:04:37.351176249;10581;248.23;0.79254;SELL
2019-06-08T00:04:37.253000000;2019-06-08T00:04:37.351176249;10582;248.25;1.94359;BUY
2019-06-08T00:04:37.310000000;2019-06-08T00:04:37.374350635;10587;248.26;0.22063;BUY
2019-06-08T00:04:37.436000000;2019-06-08T00:04:37.487531630;10594;248.22;0.11121;SELL
2019-06-08T00:04:37.659000000;2019-06-08T00:04:37.680827464;10602;248.26;6.04492;BUY
2019-06-08T00:04:38.320000000;2019-06-08T00:04:38.371758303;10632;248.28;2.24612;SELL
2019-06-08T00:04:38.320000000;2019-06-08T00:04:38.372146947;10633;248.27;1.49888;SELL
2019-06-08T00:04:38.330000000;2019-06-08T00:04:38.379470316;10634;248.27;7.169;SELL
2019-06-08T00:04:38.469000000;2019-06-08T00:04:38.522792896;10642;248.27;10.7;SELL
2019-06-08T00:04:38.508000000;2019-06-08T00:04:38.554941240;10661;248.27;6.955;SELL
2019-06-08T00:04:40.406000000;2019-06-08T00:04:40.455590055;10764;248.3;0.1;SELL
2019-06-08T00:04:40.616000000;2019-06-08T00:04:40.642270315;10772;248.29;0.04815;BUY
2019-06-08T00:04:41.008000000;2019-06-08T00:04:41.029847821;10799;248.29;0.72161;BUY
2019-06-08T00:04:41.364000000;2019-06-08T00:04:41.411961350;10813;248.32;2.28957;SELL
2019-06-08T00:04:42.009000000;2019-06-08T00:04:42.029858739;10831;248.36;0.04832;BUY
2019-06-08T00:04:43.215000000;2019-06-08T00:04:43.348461458;10883;248.38;0.14231;BUY
2019-06-08T00:04:44.813000000;2019-06-08T00:04:44.835163288;10931;248.37;0.04495;BUY
2019-06-08T00:04:45.706000000;2019-06-08T00:04:45.726321042;10966;248.27;1.3996;SELL
2019-06-08T00:04:46.013000000;2019-06-08T00:04:46.050836277;10979;248.37;2.09334;BUY
2019-06-08T00:04:46.193000000;2019-06-08T00:04:46.326376032;10998;248.38;1.5399;BUY
2019-06-08T00:04:48.011000000;2019-06-08T00:04:48.051271992;11082;248.45;0.3704;BUY
2019-06-08T00:04:48.238000000;2019-06-08T00:04:48.343386595;11086;248.36;0.37016;SELL
2019-06-08T00:04:48.411000000;2019-06-08T00:04:48.454769200;11096;248.36;1e-05;SELL
2019-06-08T00:04:48.411000000;2019-06-08T00:04:48.455581884;11097;248.36;0.36947;SELL
2019-06-08T00:04:48.723000000;2019-06-08T00:04:48.745188661;11103;248.38;0.042;SELL
2019-06-08T00:04:49.704000000;2019-06-08T00:04:49.726536063;11137;248.4;0.256;SELL
2019-06-08T00:04:49.727000000;2019-06-08T00:04:49.748863495;11140;248.45;4;BUY
2019-06-08T00:04:50.060000000;2019-06-08T00:04:50.081504261;11151;248.44;0.69791;SELL
2019-06-08T00:04:51.037000000;2019-06-08T00:04:51.057959471;11176;248.48;0.04783;BUY
2019-06-08T00:04:53.981000000;2019-06-08T00:04:54.004007022;11282;248.43;0.3649;SELL
2019-06-08T00:04:54.008000000;2019-06-08T00:04:54.051741555;11284;248.46;2.16318;BUY
2019-06-08T00:04:54.394000000;2019-06-08T00:04:54.440509665;11295;248.43;2.0487;SELL
2019-06-08T00:04:54.394000000;2019-06-08T00:04:54.441510459;11296;248.42;1.1872;SELL
2019-06-08T00:04:54.394000000;2019-06-08T00:04:54.442137349;11297;248.38;0.7541;SELL
2019-06-08T00:04:54.527000000;2019-06-08T00:04:54.566791982;11310;248.38;5.14971;BUY
2019-06-08T00:04:54.877000000;2019-06-08T00:04:54.899818217;11321;248.37;1.11786;SELL
2019-06-08T00:04:54.877000000;2019-06-08T00:04:54.900487663;11322;248.37;1.15614;SELL
2019-06-08T00:04:55.561000000;2019-06-08T00:04:55.592404117;11348;248.37;2.84383;SELL
2019-06-08T00:04:57.262000000;2019-06-08T00:04:57.377084551;11394;248.44;0.0483;BUY
2019-06-08T00:04:57.839000000;2019-06-08T00:04:57.861112718;11416;248.44;0.2075;BUY
2019-06-08T00:04:57.839000000;2019-06-08T00:04:57.861994132;11417;248.44;2.31104;BUY
2019-06-08T00:04:57.839000000;2019-06-08T00:04:57.862236034;11418;248.44;3.99946;BUY
2019-06-08T00:04:58.426000000;2019-06-08T00:04:58.469965585;11449;248.38;0.37013;SELL
2019-06-08T00:04:58.626000000;2019-06-08T00:04:58.659790645;11462;248.4;0.29602;SELL
2019-06-08T00:05:01.011000000;2019-06-08T00:05:01.053039180;11531;248.47;4;BUY
2019-06-08T00:05:01.273000000;2019-06-08T00:05:01.375715637;11540;248.47;0.28938;BUY
2019-06-08T00:05:01.477000000;2019-06-08T00:05:01.537038807;11556;248.49;0.048;BUY
2019-06-08T00:05:01.595000000;2019-06-08T00:05:01.639084157;11558;248.45;0.06961;SELL
2019-06-08T00:05:03.610000000;2019-06-08T00:05:03.653088945;11635;248.42;0.37023;SELL
2019-06-08T00:05:03.610000000;2019-06-08T00:05:03.653540219;11636;248.41;0.49171;SELL
2019-06-08T00:05:06.579000000;2019-06-08T00:05:06.603850486;11678;248.48;4.49681;BUY
2019-06-08T00:05:06.583000000;2019-06-08T00:05:06.604998153;11679;248.42;0.48726;SELL
2019-06-08T00:05:06.923000000;2019-06-08T00:05:06.997764334;11728;248.41;1.0672;SELL
2019-06-08T00:05:06.923000000;2019-06-08T00:05:06.998440462;11729;248.36;0.32812;SELL
2019-06-08T00:05:07.707000000;2019-06-08T00:05:07.728760802;11798;248.48;0.04602;BUY
2019-06-08T00:05:09.530000000;2019-06-08T00:05:09.571328616;11856;248.41;0.96166;BUY
2019-06-08T00:05:11.176000000;2019-06-08T00:05:11.307475094;11948;248.38;0.13886;SELL
2019-06-08T00:05:13.493000000;2019-06-08T00:05:13.548359285;12028;248.46;2.16092;BUY
2019-06-08T00:05:13.493000000;2019-06-08T00:05:13.549165421;12029;248.46;3.84508;BUY
2019-06-08T00:05:13.918000000;2019-06-08T00:05:13.942692591;12035;248.47;0.04845;BUY
2019-06-08T00:05:15.548000000;2019-06-08T00:05:15.588541738;12102;248.46;1.67372;BUY
2019-06-08T00:05:18.005000000;2019-06-08T00:05:18.030219830;12166;248.51;8;BUY
2019-06-08T00:05:18.143000000;2019-06-08T00:05:18.223353053;12178;248.52;0.04722;BUY
2019-06-08T00:05:18.403000000;2019-06-08T00:05:18.451637961;12188;248.46;4;SELL
2019-06-08T00:05:18.403000000;2019-06-08T00:05:18.452455684;12189;248.46;13;SELL
2019-06-08T00:05:18.403000000;2019-06-08T00:05:18.453077157;12190;248.45;6.313;SELL
2019-06-08T00:05:18.403000000;2019-06-08T00:05:18.453321078;12191;248.45;1.07;SELL
2019-06-08T00:05:18.403000000;2019-06-08T00:05:18.453651219;12192;248.44;2.15424;SELL
2019-06-08T00:05:18.403000000;2019-06-08T00:05:18.454340141;12193;248.43;4.81315;SELL
2019-06-08T00:05:18.403000000;2019-06-08T00:05:18.454796694;12194;248.43;4.47771;SELL
2019-06-08T00:05:18.581000000;2019-06-08T00:05:18.615478663;12200;248.52;0.32301;BUY
2019-06-08T00:05:18.581000000;2019-06-08T00:05:18.616611901;12201;248.53;0.03664;BUY
2019-06-08T00:05:19.012000000;2019-06-08T00:05:19.033499388;12229;248.53;7.96336;BUY
2019-06-08T00:05:19.058000000;2019-06-08T00:05:19.078878039;12239;248.47;0.66433;SELL
2019-06-08T00:05:22.012000000;2019-06-08T00:05:22.051633298;12371;248.54;8;BUY
2019-06-08T00:05:22.365000000;2019-06-08T00:05:22.415142557;12382;248.62;0.04614;BUY
2019-06-08T00:05:22.365000000;2019-06-08T00:05:22.415837533;12383;248.62;0.05;BUY
2019-06-08T00:05:22.982000000;2019-06-08T00:05:23.004460744;12390;248.53;0.0616;SELL
2019-06-08T00:05:22.982000000;2019-06-08T00:05:23.005629191;12391;248.52;1.25497;SELL
2019-06-08T00:05:23.469000000;2019-06-08T00:05:23.524582832;12403;248.52;0.87772;SELL
2019-06-08T00:05:23.488000000;2019-06-08T00:05:23.540443086;12404;248.6;0.07363;BUY
2019-06-08T00:05:23.541000000;2019-06-08T00:05:23.584389090;12405;248.51;0.37001;SELL
2019-06-08T00:05:23.541000000;2019-06-08T00:05:23.585743552;12407;248.5;0.15662;SELL
2019-06-08T00:05:23.864000000;2019-06-08T00:05:23.887275292;12414;248.54;0.05931;SELL
2019-06-08T00:05:26.343000000;2019-06-08T00:05:26.398495483;12479;248.55;1.78971;SELL
2019-06-08T00:05:26.578000000;2019-06-08T00:05:26.605578233;12488;248.59;0.04841;BUY
2019-06-08T00:05:27.428000000;2019-06-08T00:05:27.471387925;12537;248.58;0.1;BUY
2019-06-08T00:05:27.447000000;2019-06-08T00:05:27.490251030;12538;248.58;1.39437;BUY
2019-06-08T00:05:27.447000000;2019-06-08T00:05:27.490876688;12539;248.59;14;BUY
2019-06-08T00:05:27.447000000;2019-06-08T00:05:27.491538473;12540;248.59;6.60563;BUY
2019-06-08T00:05:30.243000000;2019-06-08T00:05:30.355543197;12661;248.61;0.073;BUY
2019-06-08T00:05:30.465000000;2019-06-08T00:05:30.514641393;12676;248.6;0.45488;SELL
2019-06-08T00:05:30.552000000;2019-06-08T00:05:30.587020628;12691;248.6;0.04828;SELL
2019-06-08T00:05:30.803000000;2019-06-08T00:05:30.823441970;12697;248.61;0.00063;BUY
2019-06-08T00:05:30.803000000;2019-06-08T00:05:30.824117423;12698;248.63;0.04491;BUY
2019-06-08T00:05:30.957000000;2019-06-08T00:05:30.977164512;12711;248.6;1.10336;SELL
2019-06-08T00:05:30.957000000;2019-06-08T00:05:30.978137668;12714;248.6;0.86596;SELL
2019-06-08T00:05:31.455000000;2019-06-08T00:05:31.502313767;12758;248.62;4.23809;BUY
2019-06-08T00:05:36.953000000;2019-06-08T00:05:36.974146267;12986;248.7;2.43098;SELL
2019-06-08T00:05:36.956000000;2019-06-08T00:05:36.977507751;12987;248.65;1.09415;SELL
2019-06-08T00:05:37.019000000;2019-06-08T00:05:37.040559263;12994;248.73;0.0481;BUY
2019-06-08T00:05:38.027000000;2019-06-08T00:05:38.047544192;13037;248.66;0.23884;SELL
2019-06-08T00:05:38.404000000;2019-06-08T00:05:38.447980694;13049;248.66;1.96243;SELL
2019-06-08T00:05:38.404000000;2019-06-08T00:05:38.448625098;13050;248.65;1.39071;SELL
2019-06-08T00:05:39.699000000;2019-06-08T00:05:39.720255647;13111;248.65;0.57872;SELL
2019-06-08T00:05:40.363000000;2019-06-08T00:05:40.409522870;13145;248.73;0.0801;BUY
2019-06-08T00:05:40.474000000;2019-06-08T00:05:40.521039407;13162;248.73;0.0459;BUY
2019-06-08T00:05:40.587000000;2019-06-08T00:05:40.617899337;13172;248.67;0.22883;SELL
2019-06-08T00:05:40.685000000;2019-06-08T00:05:40.708822921;13176;248.67;0.96578;SELL
2019-06-08T00:05:41.014000000;2019-06-08T00:05:41.037047978;13189;248.68;6.31283;SELL
2019-06-08T00:05:41.239000000;2019-06-08T00:05:41.334598135;13216;248.74;0.04426;BUY
2019-06-08T00:05:42.603000000;2019-06-08T00:05:42.630156928;13246;248.74;0.08017;BUY
2019-06-08T00:05:43.013000000;2019-06-08T00:05:43.033285924;13255;248.76;0.3699;BUY
2019-06-08T00:05:45.461000000;2019-06-08T00:05:45.507818175;13429;248.8;0.04595;BUY
2019-06-08T00:05:45.541000000;2019-06-08T00:05:45.579727781;13439;248.74;0.40591;SELL
2019-06-08T00:05:45.749000000;2019-06-08T00:05:45.770854265;13445;248.8;0.37178;BUY
2019-06-08T00:05:45.865000000;2019-06-08T00:05:45.887832373;13450;248.74;1.032;SELL
2019-06-08T00:05:45.870000000;2019-06-08T00:05:45.892622995;13451;248.76;1.36941;BUY
2019-06-08T00:05:47.294000000;2019-06-08T00:05:47.363049139;13494;248.73;0.04965;SELL
2019-06-08T00:05:47.431000000;2019-06-08T00:05:47.478588661;13499;248.73;0.2192;SELL
2019-06-08T00:05:47.539000000;2019-06-08T00:05:47.584714393;13505;248.73;0.0534;SELL
2019-06-08T00:05:48.743000000;2019-06-08T00:05:48.766037138;13542;248.74;6.313;SELL
2019-06-08T00:05:48.743000000;2019-06-08T00:05:48.766702189;13543;248.73;1.687;SELL
2019-06-08T00:05:48.761000000;2019-06-08T00:05:48.782566504;13544;248.73;4.30375;SELL
2019-06-08T00:05:48.761000000;2019-06-08T00:05:48.782903412;13545;248.73;1.07;SELL
2019-06-08T00:05:48.761000000;2019-06-08T00:05:48.783623846;13546;248.73;0.62625;SELL
2019-06-08T00:05:49.447000000;2019-06-08T00:05:49.490183091;13603;248.69;0.69142;SELL
2019-06-08T00:05:49.447000000;2019-06-08T00:05:49.490632885;13604;248.68;0.34464;SELL
2019-06-08T00:05:51.684000000;2019-06-08T00:05:51.705553178;13665;248.74;0.04805;BUY
2019-06-08T00:05:52.713000000;2019-06-08T00:05:52.737819706;13684;248.68;2.02787;BUY
2019-06-08T00:05:52.725000000;2019-06-08T00:05:52.748268892;13685;248.74;1.33083;BUY
2019-06-08T00:05:54.343000000;2019-06-08T00:05:54.396528316;13775;248.81;0.3;BUY
2019-06-08T00:05:55.014000000;2019-06-08T00:05:55.037235384;13841;248.81;1.60112;BUY
2019-06-08T00:05:55.038000000;2019-06-08T00:05:55.059459516;13845;248.83;0.6914;BUY
2019-06-08T00:05:55.043000000;2019-06-08T00:05:55.064203644;13846;248.83;5e-05;BUY
2019-06-08T00:05:55.107000000;2019-06-08T00:05:55.129444983;13848;248.83;0.87711;SELL
2019-06-08T00:05:55.903000000;2019-06-08T00:05:55.924277295;13890;248.86;0.04715;BUY
2019-06-08T00:05:56.015000000;2019-06-08T00:05:56.037407641;13895;248.86;6.25;BUY
2019-06-08T00:05:56.642000000;2019-06-08T00:05:56.663227631;13923;248.86;10;BUY
2019-06-08T00:05:56.708000000;2019-06-08T00:05:56.731385902;13932;248.85;0.3794;SELL
2019-06-08T00:05:57.012000000;2019-06-08T00:05:57.033594972;13941;248.85;0.3906;BUY
2019-06-08T00:05:57.014000000;2019-06-08T00:05:57.036385458;13943;248.84;0.35085;SELL
2019-06-08T00:05:57.025000000;2019-06-08T00:05:57.045544548;13946;248.84;0.39;SELL
2019-06-08T00:05:57.045000000;2019-06-08T00:05:57.065370307;13947;248.84;0.35085;SELL
2019-06-08T00:05:57.261000000;2019-06-08T00:05:57.367144929;13955;248.84;0.35085;SELL
2019-06-08T00:05:57.343000000;2019-06-08T00:05:57.398234254;13959;248.86;1.155;BUY
2019-06-08T00:05:57.384000000;2019-06-08T00:05:57.431028234;13961;248.86;1.07;BUY
2019-06-08T00:05:57.578000000;2019-06-08T00:05:57.612354443;13969;248.84;3.22518;SELL
2019-06-08T00:05:57.601000000;2019-06-08T00:05:57.632297904;13970;248.84;1.64527;SELL
2019-06-08T00:05:57.601000000;2019-06-08T00:05:57.632961488;13971;248.84;1.07;SELL
2019-06-08T00:05:57.601000000;2019-06-08T00:05:57.633404111;13972;248.83;0.89484;SELL
2019-06-08T00:05:57.633000000;2019-06-08T00:05:57.659642825;13973;248.86;1.154;BUY
2019-06-08T00:05:58.046000000;2019-06-08T00:05:58.067700145;13988;248.85;2.49207;BUY
2019-06-08T00:05:58.071000000;2019-06-08T00:05:58.091323291;13989;248.86;0.598;BUY
2019-06-08T00:05:58.114000000;2019-06-08T00:05:58.135016906;13991;248.84;0.60887;SELL
2019-06-08T00:05:58.410000000;2019-06-08T00:05:58.456978644;13999;248.84;0.08228;SELL
2019-06-08T00:05:58.410000000;2019-06-08T00:05:58.457555558;14000;248.84;0.14138;SELL
2019-06-08T00:05:59.831000000;2019-06-08T00:05:59.852347868;14048;248.85;0.22367;SELL
2019-06-08T00:05:59.970000000;2019-06-08T00:05:59.992392409;14054;248.85;0.671;SELL
2019-06-08T00:06:00.099000000;2019-06-08T00:06:00.121851056;14058;248.85;5.41833;SELL
2019-06-08T00:06:00.099000000;2019-06-08T00:06:00.122719379;14059;248.84;0.92862;SELL
2019-06-08T00:06:00.099000000;2019-06-08T00:06:00.123928112;14060;248.84;1.07;SELL
2019-06-08T00:06:00.099000000;2019-06-08T00:06:00.124112132;14061;248.84;0.55188;SELL
2019-06-08T00:06:01.059000000;2019-06-08T00:06:01.079717299;14084;248.88;0.42426;BUY
2019-06-08T00:06:01.063000000;2019-06-08T00:06:01.084825637;14085;248.85;1.41562;SELL
2019-06-08T00:06:01.749000000;2019-06-08T00:06:01.769992276;14110;248.85;0.66714;BUY
2019-06-08T00:06:01.853000000;2019-06-08T00:06:01.888784260;14112;248.85;0.22321;SELL
2019-06-08T00:06:02.059000000;2019-06-08T00:06:02.079440674;14119;248.85;3;SELL
2019-06-08T00:06:02.124000000;2019-06-08T00:06:02.144637720;14120;248.89;0.04755;BUY
2019-06-08T00:06:02.253000000;2019-06-08T00:06:02.358158311;14124;248.85;0.28265;SELL
2019-06-08T00:06:02.253000000;2019-06-08T00:06:02.358158311;14125;248.84;2.50721;SELL
2019-06-08T00:06:02.956000000;2019-06-08T00:06:02.978520785;14150;248.84;0.66961;SELL
2019-06-08T00:06:03.369000000;2019-06-08T00:06:03.416132666;14174;248.84;0.0603;SELL
2019-06-08T00:06:03.383000000;2019-06-08T00:06:03.429098968;14176;248.84;0.22279;SELL
2019-06-08T00:06:04.288000000;2019-06-08T00:06:04.378592967;14242;248.84;2;SELL
2019-06-08T00:06:04.482000000;2019-06-08T00:06:04.532023503;14245;248.84;0.30121;SELL
2019-06-08T00:06:04.584000000;2019-06-08T00:06:04.614508661;14252;248.84;0.288;BUY
2019-06-08T00:06:06.346000000;2019-06-08T00:06:06.397016039;14304;248.84;2e-05;BUY
2019-06-08T00:06:06.346000000;2019-06-08T00:06:06.397486027;14305;248.93;0.04633;BUY
2019-06-08T00:06:07.775000000;2019-06-08T00:06:07.798840647;14376;248.9;1.0777;SELL
2019-06-08T00:06:07.832000000;2019-06-08T00:06:07.853851391;14379;248.84;0.35535;SELL
2019-06-08T00:06:09.486000000;2019-06-08T00:06:09.521077541;14408;248.84;0.67477;SELL
2019-06-08T00:06:10.064000000;2019-06-08T00:06:10.086096239;14429;248.93;0.96964;BUY
2019-06-08T00:06:10.089000000;2019-06-08T00:06:10.111273279;14430;248.94;0.4092;BUY
2019-06-08T00:06:10.107000000;2019-06-08T00:06:10.128163674;14431;248.94;1e-05;BUY
2019-06-08T00:06:10.563000000;2019-06-08T00:06:10.589252009;14458;248.96;0.04614;BUY
2019-06-08T00:06:11.011000000;2019-06-08T00:06:11.054553565;14469;248.96;4.95386;BUY
2019-06-08T00:06:11.151000000;2019-06-08T00:06:11.442151106;14481;248.96;0.04664;SELL
2019-06-08T00:06:12.595000000;2019-06-08T00:06:12.623698081;14515;248.98;0.67529;SELL
2019-06-08T00:06:12.851000000;2019-06-08T00:06:12.873724791;14528;248.98;0.53583;SELL
2019-06-08T00:06:14.536000000;2019-06-08T00:06:14.575847282;14614;248.89;0.22476;SELL
2019-06-08T00:06:15.820000000;2019-06-08T00:06:15.842593926;14675;248.91;0.6615;SELL
2019-06-08T00:06:15.970000000;2019-06-08T00:06:15.992072456;14682;248.91;0.2205;SELL
2019-06-08T00:06:16.013000000;2019-06-08T00:06:16.081572752;14683;248.98;0.24729;BUY
2019-06-08T00:06:16.239000000;2019-06-08T00:06:16.371573621;14707;249.02;0.69115;BUY
2019-06-08T00:06:16.239000000;2019-06-08T00:06:16.371573621;14708;249.02;2.19219;BUY
2019-06-08T00:06:16.790000000;2019-06-08T00:06:16.810429457;14730;249.08;0.04639;BUY
2019-06-08T00:06:16.790000000;2019-06-08T00:06:16.811095692;14731;249.08;0.00156;BUY
2019-06-08T00:06:17.419000000;2019-06-08T00:06:17.464153158;14748;248.95;0.48841;SELL
2019-06-08T00:06:17.434000000;2019-06-08T00:06:17.484955879;14759;248.95;0.20213;SELL
2019-06-08T00:06:17.434000000;2019-06-08T00:06:17.485609432;14761;248.95;0.01848;SELL
2019-06-08T00:06:17.703000000;2019-06-08T00:06:17.724451738;14775;248.96;0.04828;SELL
2019-06-08T00:06:18.662000000;2019-06-08T00:06:18.685300892;14791;248.97;0.0602;SELL
2019-06-08T00:06:18.950000000;2019-06-08T00:06:18.972178637;14797;248.97;0.66169;SELL
2019-06-08T00:06:18.994000000;2019-06-08T00:06:19.054533925;14799;248.97;0.22056;SELL
2019-06-08T00:06:19.523000000;2019-06-08T00:06:19.565597935;14810;249;1.32039;BUY
2019-06-08T00:06:19.527000000;2019-06-08T00:06:19.566592673;14811;248.97;0.04879;SELL
2019-06-08T00:06:20.676000000;2019-06-08T00:06:20.698158957;14843;248.96;0.222;BUY
2019-06-08T00:06:21.006000000;2019-06-08T00:06:21.054349608;14857;248.96;0.00021;BUY
2019-06-08T00:06:21.006000000;2019-06-08T00:06:21.054349608;14858;248.96;0.04578;BUY
2019-06-08T00:06:21.028000000;2019-06-08T00:06:21.054349608;14863;248.96;0.6207;BUY
2019-06-08T00:06:21.068000000;2019-06-08T00:06:21.088688967;14865;248.96;0.00016;BUY
2019-06-08T00:06:21.697000000;2019-06-08T00:06:21.719949626;14876;249;0.22318;BUY
2019-06-08T00:06:21.697000000;2019-06-08T00:06:21.720952400;14877;249.04;0.09809;BUY
2019-06-08T00:06:21.697000000;2019-06-08T00:06:21.721410626;14878;249.04;12.00997;BUY
2019-06-08T00:06:22.012000000;2019-06-08T00:06:22.054526199;14885;249.04;9.99003;BUY
2019-06-08T00:06:22.012000000;2019-06-08T00:06:22.054526199;14886;249.04;2.18175;BUY
2019-06-08T00:06:26.207000000;2019-06-08T00:06:26.365834905;15014;249.08;0.07363;BUY
2019-06-08T00:06:26.231000000;2019-06-08T00:06:26.392369742;15015;249.09;0.73884;BUY
2019-06-08T00:06:26.254000000;2019-06-08T00:06:26.392369742;15016;249.1;4;BUY
2019-06-08T00:06:26.371000000;2019-06-08T00:06:26.419031449;15019;249.12;0.85197;SELL
2019-06-08T00:06:27.018000000;2019-06-08T00:06:27.056377667;15031;249.09;0.073;SELL
2019-06-08T00:06:27.223000000;2019-06-08T00:06:27.353059067;15041;249.15;0.04693;BUY
2019-06-08T00:06:28.180000000;2019-06-08T00:06:28.333577658;15071;249.08;0.401;SELL
2019-06-08T00:06:28.907000000;2019-06-08T00:06:28.927908759;15101;249.09;0.05255;BUY
2019-06-08T00:06:29.251000000;2019-06-08T00:06:29.374189325;15180;249.08;0.00047;SELL
2019-06-08T00:06:29.251000000;2019-06-08T00:06:29.374189325;15181;249.04;2.22453;SELL
2019-06-08T00:06:30.321000000;2019-06-08T00:06:30.391135705;15237;249.04;4.387;SELL
2019-06-08T00:06:31.186000000;2019-06-08T00:06:31.333842355;15294;249.07;0.40273;BUY
2019-06-08T00:06:31.353000000;2019-06-08T00:06:31.405646336;15308;249.04;2.914;SELL
2019-06-08T00:06:31.454000000;2019-06-08T00:06:31.505835343;15312;249.07;0.04742;BUY
2019-06-08T00:06:32.706000000;2019-06-08T00:06:32.728628250;15344;249.08;4.22951;SELL
2019-06-08T00:06:33.925000000;2019-06-08T00:06:33.946264539;15374;249.04;0.0602;SELL
2019-06-08T00:06:35.247000000;2019-06-08T00:06:35.374718852;15408;249.04;2;SELL
2019-06-08T00:06:35.463000000;2019-06-08T00:06:35.507500382;15421;249.04;0.2957;SELL
2019-06-08T00:06:35.463000000;2019-06-08T00:06:35.507959483;15422;249.03;0.6903;SELL
2019-06-08T00:06:35.494000000;2019-06-08T00:06:35.535398613;15424;249.03;4e-05;SELL
2019-06-08T00:06:35.494000000;2019-06-08T00:06:35.535922128;15425;248.97;1.99087;SELL
2019-06-08T00:06:35.703000000;2019-06-08T00:06:35.726506736;15432;249.13;0.04762;BUY
2019-06-08T00:06:35.727000000;2019-06-08T00:06:35.748042118;15433;248.98;1.93431;SELL
2019-06-08T00:06:35.727000000;2019-06-08T00:06:35.748363965;15434;248.98;0.6904;SELL
2019-06-08T00:06:35.727000000;2019-06-08T00:06:35.748856678;15435;248.97;9.00222;SELL
2019-06-08T00:06:35.853000000;2019-06-08T00:06:35.874960467;15438;248.98;0.69043;SELL
2019-06-08T00:06:35.853000000;2019-06-08T00:06:35.875116302;15439;248.97;7.27322;SELL
2019-06-08T00:06:35.922000000;2019-06-08T00:06:35.943772409;15440;248.98;0.69045;SELL
2019-06-08T00:06:35.922000000;2019-06-08T00:06:35.944094182;15441;248.97;1.99366;SELL
2019-06-08T00:06:35.922000000;2019-06-08T00:06:35.944781529;15442;248.97;13.2432;SELL
2019-06-08T00:06:37.484000000;2019-06-08T00:06:37.535506116;15509;249.05;1.27743;BUY
2019-06-08T00:06:37.496000000;2019-06-08T00:06:37.545709391;15511;249.08;2.32449;BUY
2019-06-08T00:06:38.911000000;2019-06-08T00:06:38.932712192;15575;248.97;3.97875;SELL
2019-06-08T00:06:39.892000000;2019-06-08T00:06:39.912829693;15625;249.04;0.04454;BUY
2019-06-08T00:06:40.952000000;2019-06-08T00:06:40.973747912;15667;248.97;0.30506;SELL
2019-06-08T00:06:40.958000000;2019-06-08T00:06:40.979133581;15669;249.07;1.93359;BUY
2019-06-08T00:06:43.477000000;2019-06-08T00:06:43.527853023;15783;249.13;0.47101;BUY
2019-06-08T00:06:44.446000000;2019-06-08T00:06:44.501466425;15803;249.1;0.40905;SELL
2019-06-08T00:06:46.108000000;2019-06-08T00:06:46.130732435;15850;249.13;0.04833;BUY
2019-06-08T00:06:47.603000000;2019-06-08T00:06:47.630630203;15887;249.08;0.27911;SELL
2019-06-08T00:06:48.533000000;2019-06-08T00:06:48.570597368;15909;249.08;1.3832;SELL
2019-06-08T00:06:48.558000000;2019-06-08T00:06:48.592927757;15911;249.08;6e-05;SELL
2019-06-08T00:06:48.558000000;2019-06-08T00:06:48.593108876;15912;249.07;0.69024;SELL
2019-06-08T00:06:49.313000000;2019-06-08T00:06:49.387720012;15933;249.07;7e-05;SELL
2019-06-08T00:06:49.313000000;2019-06-08T00:06:49.388059930;15934;249.02;0.06013;SELL
2019-06-08T00:06:52.329000000;2019-06-08T00:06:52.392885554;16028;249.09;0.04445;BUY
2019-06-08T00:06:54.516000000;2019-06-08T00:06:54.551361543;16057;249.09;0.98281;BUY
2019-06-08T00:06:54.516000000;2019-06-08T00:06:54.552010112;16058;249.1;0.6905;BUY
2019-06-08T00:06:54.808000000;2019-06-08T00:06:54.829648105;16064;249.1;2.30734;BUY
2019-06-08T00:06:56.549000000;2019-06-08T00:06:56.582241187;16142;249.14;0.04644;BUY
2019-06-08T00:06:57.147000000;2019-06-08T00:06:57.170174413;16181;249.06;0.79441;SELL
2019-06-08T00:06:59.125000000;2019-06-08T00:06:59.146287638;16248;249.04;0.3977;SELL
2019-06-08T00:06:59.137000000;2019-06-08T00:06:59.160348925;16249;249.04;5e-05;SELL
2019-06-08T00:06:59.137000000;2019-06-08T00:06:59.161498152;16250;249.03;3.85195;SELL
2019-06-08T00:06:59.233000000;2019-06-08T00:06:59.366245911;16256;249.03;5e-05;SELL
2019-06-08T00:06:59.233000000;2019-06-08T00:06:59.366245911;16257;249.02;4.81345;SELL
2019-06-08T00:06:59.243000000;2019-06-08T00:06:59.366245911;16258;249.02;0.0001;SELL
2019-06-08T00:06:59.243000000;2019-06-08T00:06:59.366245911;16259;249.01;0.6902;SELL
2019-06-08T00:06:59.877000000;2019-06-08T00:06:59.902134950;16289;249.08;0.31686;SELL
2019-06-08T00:07:00.781000000;2019-06-08T00:07:00.802466433;16338;249.09;0.0444;BUY
2019-06-08T00:07:02.049000000;2019-06-08T00:07:02.070320061;16375;248.99;0.69051;SELL
2019-06-08T00:07:02.066000000;2019-06-08T00:07:02.088825403;16376;248.98;0.27349;SELL
2019-06-08T00:07:02.076000000;2019-06-08T00:07:02.097369891;16377;248.97;18.67032;SELL
2019-06-08T00:07:02.116000000;2019-06-08T00:07:02.142866648;16382;248.97;6.25;SELL
2019-06-08T00:07:02.140000000;2019-06-08T00:07:02.164757513;16385;248.97;6.25;SELL
2019-06-08T00:07:03.019000000;2019-06-08T00:07:03.040538223;16402;248.97;10;SELL
2019-06-08T00:07:03.025000000;2019-06-08T00:07:03.045664274;16403;248.97;1.4285;SELL
2019-06-08T00:07:04.019000000;2019-06-08T00:07:04.042247919;16435;248.97;5;SELL
2019-06-08T00:07:04.860000000;2019-06-08T00:07:04.883391237;16457;249.05;1.31858;BUY
2019-06-08T00:07:04.991000000;2019-06-08T00:07:05.014773180;16458;249.05;0.046;BUY
2019-06-08T00:07:06.018000000;2019-06-08T00:07:06.039003484;16535;249.01;1.16;BUY
2019-06-08T00:07:06.882000000;2019-06-08T00:07:06.903735742;16581;249;0.07908;BUY
2019-06-08T00:07:07.590000000;2019-06-08T00:07:07.621829945;16626;249;0.07908;BUY
2019-06-08T00:07:09.213000000;2019-06-08T00:07:09.347084582;16664;248.99;0.04766;BUY
2019-06-08T00:07:10.653000000;2019-06-08T00:07:10.678096784;16714;248.98;1.59514;BUY
2019-06-08T00:07:11.166000000;2019-06-08T00:07:11.367815652;16722;248.98;0.08427;BUY
2019-06-08T00:07:11.703000000;2019-06-08T00:07:11.730225735;16802;248.97;57.26686;SELL
2019-06-08T00:07:11.703000000;2019-06-08T00:07:11.730454383;16803;248.97;0.99994;SELL
2019-06-08T00:07:11.740000000;2019-06-08T00:07:11.762068219;16804;248.97;6e-05;SELL
2019-06-08T00:07:12.120000000;2019-06-08T00:07:12.142946950;16812;248.96;0.08004;BUY
2019-06-08T00:07:13.433000000;2019-06-08T00:07:13.475853345;16880;248.95;0.04814;BUY
2019-06-08T00:07:13.924000000;2019-06-08T00:07:13.945989653;16892;248.87;1.69642;SELL
2019-06-08T00:07:16.042000000;2019-06-08T00:07:16.067583137;16962;248.9;2.17173;BUY
2019-06-08T00:07:17.647000000;2019-06-08T00:07:17.670933350;17015;248.92;0.04536;BUY
2019-06-08T00:07:20.196000000;2019-06-08T00:07:20.320489054;17099;248.91;0.794;BUY
2019-06-08T00:07:21.543000000;2019-06-08T00:07:21.581111993;17130;248.91;1.51842;BUY
2019-06-08T00:07:21.747000000;2019-06-08T00:07:21.770297561;17132;248.84;0.93989;SELL
2019-06-08T00:07:21.747000000;2019-06-08T00:07:21.770968165;17133;248.84;5.06011;SELL
2019-06-08T00:07:22.735000000;2019-06-08T00:07:22.757388060;17159;248.9;0.77092;BUY
2019-06-08T00:07:23.468000000;2019-06-08T00:07:23.515146382;17190;248.89;1.46558;BUY
2019-06-08T00:07:23.872000000;2019-06-08T00:07:23.894685053;17200;248.89;0.04783;BUY
2019-06-08T00:07:24.244000000;2019-06-08T00:07:24.376313965;17206;248.89;0.18866;BUY
2019-06-08T00:07:24.946000000;2019-06-08T00:07:24.968422896;17227;248.88;0.13538;BUY
2019-06-08T00:07:25.465000000;2019-06-08T00:07:25.508324085;17242;248.87;0.08273;BUY
2019-06-08T00:07:25.570000000;2019-06-08T00:07:25.598433979;17247;248.87;0.40198;BUY
2019-06-08T00:07:26.019000000;2019-06-08T00:07:26.039828004;17254;248.87;0.51781;BUY
2019-06-08T00:07:26.533000000;2019-06-08T00:07:26.568233188;17263;248.88;12.59762;BUY
2019-06-08T00:07:26.533000000;2019-06-08T00:07:26.568931837;17264;248.88;4;BUY
2019-06-08T00:07:26.560000000;2019-06-08T00:07:26.588771990;17265;248.89;2.29793;BUY
2019-06-08T00:07:26.610000000;2019-06-08T00:07:26.635622568;17267;248.87;4;BUY
2019-06-08T00:07:27.016000000;2019-06-08T00:07:27.037110116;17277;248.91;0.07362;BUY
2019-06-08T00:07:28.158000000;2019-06-08T00:07:28.178510658;17302;248.92;0.65;BUY
2019-06-08T00:07:28.160000000;2019-06-08T00:07:28.180960550;17303;248.92;0.66;BUY
2019-06-08T00:07:28.161000000;2019-06-08T00:07:28.182912543;17304;248.92;0.81;BUY
2019-06-08T00:07:28.184000000;2019-06-08T00:07:28.252534467;17305;248.92;1.88;BUY
2019-06-08T00:07:29.169000000;2019-06-08T00:07:29.208761580;17356;248.92;1.4033;SELL
2019-06-08T00:07:29.169000000;2019-06-08T00:07:29.312390385;17361;248.91;1.34746;SELL
2019-06-08T00:07:29.169000000;2019-06-08T00:07:29.312390385;17362;248.9;16;SELL
2019-06-08T00:07:29.169000000;2019-06-08T00:07:29.312390385;17364;248.82;4;SELL
2019-06-08T00:07:29.169000000;2019-06-08T00:07:29.313123405;17368;248.82;5;SELL
2019-06-08T00:07:29.169000000;2019-06-08T00:07:29.313123405;17370;248.82;8;SELL
2019-06-08T00:07:29.169000000;2019-06-08T00:07:29.343102247;17371;248.81;6.61611;SELL
2019-06-08T00:07:29.169000000;2019-06-08T00:07:29.343102247;17374;248.8;19.99999;SELL
2019-06-08T00:07:29.169000000;2019-06-08T00:07:29.343102247;17376;248.79;8;SELL
2019-06-08T00:07:29.169000000;2019-06-08T00:07:29.343102247;17377;248.78;5.16256;SELL
2019-06-08T00:07:29.169000000;2019-06-08T00:07:29.343102247;17379;248.76;5;SELL
2019-06-08T00:07:29.169000000;2019-06-08T00:07:29.343102247;17380;248.76;2.46;SELL
2019-06-08T00:07:29.169000000;2019-06-08T00:07:29.343102247;17382;248.73;5;SELL
2019-06-08T00:07:29.169000000;2019-06-08T00:07:29.343102247;17384;248.72;4.82044;SELL
2019-06-08T00:07:29.169000000;2019-06-08T00:07:29.343102247;17386;248.72;4.82044;SELL
2019-06-08T00:07:29.169000000;2019-06-08T00:07:29.343102247;17387;248.7;5;SELL
2019-06-08T00:07:29.169000000;2019-06-08T00:07:29.353229569;17388;248.68;2.15598;SELL
2019-06-08T00:07:29.169000000;2019-06-08T00:07:29.353229569;17390;248.67;5;SELL
2019-06-08T00:07:29.169000000;2019-06-08T00:07:29.353229569;17392;248.62;3;SELL
2019-06-08T00:07:29.169000000;2019-06-08T00:07:29.353229569;17393;248.62;1.44661;SELL
2019-06-08T00:07:29.586000000;2019-06-08T00:07:29.607260019;17428;248.87;1.25574;BUY
2019-06-08T00:07:29.691000000;2019-06-08T00:07:29.713352866;17436;248.89;0.30151;BUY
2019-06-08T00:07:30.028000000;2019-06-08T00:07:30.049164760;17445;248.88;0.198;BUY
2019-06-08T00:07:30.101000000;2019-06-08T00:07:30.122539034;17448;248.88;0.04453;BUY
2019-06-08T00:07:32.112000000;2019-06-08T00:07:32.133110377;17475;248.87;4;BUY
2019-06-08T00:07:33.127000000;2019-06-08T00:07:33.150469758;17508;248.87;4;BUY
2019-06-08T00:07:34.019000000;2019-06-08T00:07:34.058462525;17529;248.89;0.19849;BUY
2019-06-08T00:07:34.019000000;2019-06-08T00:07:34.058462525;17530;248.89;4;BUY
2019-06-08T00:07:36.018000000;2019-06-08T00:07:36.060495110;17591;248.95;2.71498;BUY
2019-06-08T00:07:36.122000000;2019-06-08T00:07:36.143354503;17605;248.9;0.32879;SELL
2019-06-08T00:07:36.308000000;2019-06-08T00:07:36.392344687;17611;249.02;0.04808;BUY
2019-06-08T00:07:36.483000000;2019-06-08T00:07:36.526007618;17615;248.97;2.7663;SELL
2019-06-08T00:07:37.192000000;2019-06-08T00:07:37.308243582;17636;248.9;0.31975;SELL
2019-06-08T00:07:39.605000000;2019-06-08T00:07:39.635989600;17744;248.89;0.042;SELL
2019-06-08T00:07:40.042000000;2019-06-08T00:07:40.066488471;17760;248.89;2;SELL
2019-06-08T00:07:42.344000000;2019-06-08T00:07:42.419051138;17814;248.89;0.31333;SELL
2019-06-08T00:07:42.344000000;2019-06-08T00:07:42.419849180;17815;248.87;1.75073;SELL
2019-06-08T00:07:42.743000000;2019-06-08T00:07:42.763749708;17835;248.94;0.0485;BUY
2019-06-08T00:07:43.486000000;2019-06-08T00:07:43.536681176;17853;248.89;2.36339;BUY
2019-06-08T00:07:46.681000000;2019-06-08T00:07:46.704280817;17941;248.88;1.62851;BUY
2019-06-08T00:07:46.967000000;2019-06-08T00:07:46.989866541;17954;248.89;0.04466;BUY
2019-06-08T00:07:47.044000000;2019-06-08T00:07:47.065051727;17962;248.89;1.02534;BUY
2019-06-08T00:07:47.044000000;2019-06-08T00:07:47.065690367;17963;248.89;3.99996;BUY
2019-06-08T00:07:51.184000000;2019-06-08T00:07:51.210429273;18104;248.96;0.04566;BUY
2019-06-08T00:07:53.573000000;2019-06-08T00:07:53.609212526;18171;248.91;2.44098;BUY
2019-06-08T00:07:54.722000000;2019-06-08T00:07:54.743371985;18220;248.93;1.26755;BUY
2019-06-08T00:07:55.368000000;2019-06-08T00:07:55.417113663;18251;248.93;0.05266;BUY
2019-06-08T00:07:57.404000000;2019-06-08T00:07:57.444233614;18367;248.98;0.0462;BUY
2019-06-08T00:07:58.519000000;2019-06-08T00:07:58.562826502;18423;248.91;2.52684;BUY
2019-06-08T00:07:58.755000000;2019-06-08T00:07:58.776922663;18432;248.94;0.10054;BUY
2019-06-08T00:08:00.493000000;2019-06-08T00:08:00.539277684;18514;248.88;0.535;SELL
2019-06-08T00:08:01.630000000;2019-06-08T00:08:01.662983935;18556;248.94;0.04832;BUY
2019-06-08T00:08:03.373000000;2019-06-08T00:08:03.436988016;18616;248.92;0.06905;BUY
2019-06-08T00:08:04.820000000;2019-06-08T00:08:04.845513600;18647;248.9;3.9898;BUY
2019-06-08T00:08:05.842000000;2019-06-08T00:08:05.863288163;18696;249.02;0.04842;BUY
2019-06-08T00:08:05.966000000;2019-06-08T00:08:05.987592888;18720;248.9;0.25641;SELL
2019-06-08T00:08:10.069000000;2019-06-08T00:08:10.090250678;18849;248.97;0.04727;BUY
2019-06-08T00:08:10.489000000;2019-06-08T00:08:10.533188070;18871;248.9;0.43429;SELL
2019-06-08T00:08:10.489000000;2019-06-08T00:08:10.533500105;18872;248.9;5.63972;SELL
2019-06-08T00:08:11.072000000;2019-06-08T00:08:11.093845918;18891;248.92;4.03193;BUY
2019-06-08T00:08:11.338000000;2019-06-08T00:08:11.414894574;18911;248.96;0.92841;BUY
2019-06-08T00:08:15.115000000;2019-06-08T00:08:15.136282663;19060;248.92;0.55148;BUY
2019-06-08T00:08:16.293000000;2019-06-08T00:08:16.405105207;19086;248.96;0.04698;BUY
2019-06-08T00:08:18.765000000;2019-06-08T00:08:18.787646732;19147;249;0.13464;BUY
2019-06-08T00:08:19.206000000;2019-06-08T00:08:19.305333801;19163;248.96;1.54084;BUY
2019-06-08T00:08:22.509000000;2019-06-08T00:08:22.549253925;19307;248.97;0.04708;BUY
2019-06-08T00:08:28.733000000;2019-06-08T00:08:28.754410579;19579;248.96;0.04644;BUY
2019-06-08T00:08:28.780000000;2019-06-08T00:08:28.803165412;19580;248.94;2.07551;SELL
2019-06-08T00:08:29.492000000;2019-06-08T00:08:29.531757332;19604;248.96;0.02719;BUY
2019-06-08T00:08:32.957000000;2019-06-08T00:08:32.982471521;19700;249.01;0.04477;BUY
2019-06-08T00:08:35.820000000;2019-06-08T00:08:35.841078758;19827;249.02;0.05278;BUY
2019-06-08T00:08:37.034000000;2019-06-08T00:08:37.065971337;19914;249.02;1.2314;BUY
2019-06-08T00:08:37.040000000;2019-06-08T00:08:37.065971337;19916;249.02;3e-05;BUY
2019-06-08T00:08:37.061000000;2019-06-08T00:08:37.081676579;19919;249.04;5.06011;BUY
2019-06-08T00:08:37.061000000;2019-06-08T00:08:37.082343807;19920;249.04;2.15598;BUY
2019-06-08T00:08:37.068000000;2019-06-08T00:08:37.090033673;19921;249.05;8;BUY
2019-06-08T00:08:37.081000000;2019-06-08T00:08:37.103080908;19925;249.1;0.25695;BUY
2019-06-08T00:08:37.171000000;2019-06-08T00:08:37.195396728;19940;249.1;0.0447;BUY
2019-06-08T00:08:38.085000000;2019-06-08T00:08:38.108274508;19992;249.09;4;BUY
2019-06-08T00:08:38.129000000;2019-06-08T00:08:38.150675023;19995;249.1;26.99997;BUY
2019-06-08T00:08:38.148000000;2019-06-08T00:08:38.170900475;19996;249.1;6.25;BUY
2019-06-08T00:08:38.184000000;2019-06-08T00:08:38.207720928;19999;249.1;10;BUY
2019-06-08T00:08:38.192000000;2019-06-08T00:08:38.215761285;20000;249.1;6.25;BUY
2019-06-08T00:08:38.216000000;2019-06-08T00:08:38.341488255;20003;249.1;6.25;BUY
2019-06-08T00:08:38.250000000;2019-06-08T00:08:38.398293233;20009;249.1;6.25;BUY
2019-06-08T00:08:38.250000000;2019-06-08T00:08:38.398293233;20011;249.1;6.25;BUY
2019-06-08T00:08:38.274000000;2019-06-08T00:08:38.398293233;20021;249.1;1.2502;BUY
2019-06-08T00:08:38.339000000;2019-06-08T00:08:38.428513503;20030;249.1;1.802;BUY
2019-06-08T00:08:38.562000000;2019-06-08T00:08:38.608663353;20045;249.1;0.08018;BUY
2019-06-08T00:08:38.783000000;2019-06-08T00:08:38.804955582;20050;249.1;1.94693;BUY
2019-06-08T00:08:38.967000000;2019-06-08T00:08:38.988704570;20058;249.1;0.14621;BUY
2019-06-08T00:08:39.023000000;2019-06-08T00:08:39.044504986;20065;249.1;168.90618;BUY
2019-06-08T00:08:39.023000000;2019-06-08T00:08:39.045358277;20066;249.1;1.4985;BUY
2019-06-08T00:08:39.045000000;2019-06-08T00:08:39.066486696;20077;249.11;8;BUY
2019-06-08T00:08:39.674000000;2019-06-08T00:08:39.703977153;20119;249.14;0.54925;SELL
2019-06-08T00:08:39.864000000;2019-06-08T00:08:39.884487186;20137;249.14;1.59217;SELL
2019-06-08T00:08:40.066000000;2019-06-08T00:08:40.087012229;20150;249.2;0.29826;BUY
2019-06-08T00:08:40.066000000;2019-06-08T00:08:40.087681442;20151;249.2;2.56032;BUY
2019-06-08T00:08:40.744000000;2019-06-08T00:08:40.764488505;20198;249.14;2;SELL
2019-06-08T00:08:42.219000000;2019-06-08T00:08:42.307215453;20268;249.19;0.06421;BUY
2019-06-08T00:08:43.392000000;2019-06-08T00:08:43.452877992;20366;249.18;0.04847;BUY
2019-06-08T00:08:45.017000000;2019-06-08T00:08:45.040508787;20441;249.18;7.95153;BUY
2019-06-08T00:08:46.129000000;2019-06-08T00:08:46.150008279;20517;249.18;0.0979;BUY
2019-06-08T00:08:47.046000000;2019-06-08T00:08:47.068262562;20565;249.18;0.619;BUY
2019-06-08T00:08:47.609000000;2019-06-08T00:08:47.640552663;20604;249.23;0.04592;BUY
2019-06-08T00:08:48.152000000;2019-06-08T00:08:48.172569267;20633;249.19;3.95268;SELL
2019-06-08T00:08:48.431000000;2019-06-08T00:08:48.475446398;20658;249.22;3.046;BUY
2019-06-08T00:08:49.558000000;2019-06-08T00:08:49.610933803;20736;249.2;1.38817;SELL
2019-06-08T00:08:49.979000000;2019-06-08T00:08:50.001297620;20771;249.22;4.525;BUY
2019-06-08T00:08:50.195000000;2019-06-08T00:08:50.215914149;20785;249.21;2.136;BUY
2019-06-08T00:08:51.526000000;2019-06-08T00:08:51.575367838;20836;249.18;6.17119;SELL
2019-06-08T00:08:53.608000000;2019-06-08T00:08:53.643986797;20949;249.19;1;SELL
2019-06-08T00:08:53.833000000;2019-06-08T00:08:53.853684171;20957;249.24;0.04839;BUY
2019-06-08T00:08:58.055000000;2019-06-08T00:08:58.077575407;21113;249.2;0.04467;BUY
2019-06-08T00:08:58.831000000;2019-06-08T00:08:58.851024732;21137;249.19;2.43266;BUY
2019-06-08T00:09:04.273000000;2019-06-08T00:09:04.419605155;21347;249.2;0.04698;BUY
2019-06-08T00:09:05.654000000;2019-06-08T00:09:05.679209308;21384;249.15;3.55164;SELL
2019-06-08T00:09:05.661000000;2019-06-08T00:09:05.686085562;21385;249.19;1.25066;BUY
2019-06-08T00:09:07.550000000;2019-06-08T00:09:07.598235570;21441;249.15;0.68985;SELL
2019-06-08T00:09:07.658000000;2019-06-08T00:09:07.690893127;21449;249.16;0.47505;SELL
2019-06-08T00:09:07.754000000;2019-06-08T00:09:07.778103055;21455;249.16;1.14571;SELL
2019-06-08T00:09:07.853000000;2019-06-08T00:09:07.879240877;21462;249.16;0.62809;SELL
2019-06-08T00:09:09.124000000;2019-06-08T00:09:09.145612882;21522;249.11;0.58937;SELL
2019-06-08T00:09:10.508000000;2019-06-08T00:09:10.555017414;21572;249.23;0.04429;BUY
2019-06-08T00:09:14.410000000;2019-06-08T00:09:14.470442154;21675;249.23;2;BUY
2019-06-08T00:09:14.722000000;2019-06-08T00:09:14.742699597;21702;249.23;0.04781;BUY
2019-06-08T00:09:14.728000000;2019-06-08T00:09:14.753317439;21703;249.23;0.02113;BUY
2019-06-08T00:09:14.728000000;2019-06-08T00:09:14.753432727;21704;249.23;0.2482;BUY
2019-06-08T00:09:15.221000000;2019-06-08T00:09:15.250390530;21728;249.22;2.46544;BUY
2019-06-08T00:09:15.635000000;2019-06-08T00:09:15.670898317;21736;249.23;0.441;BUY
2019-06-08T00:09:16.478000000;2019-06-08T00:09:16.565612041;21772;249.28;0.05312;BUY
2019-06-08T00:09:16.637000000;2019-06-08T00:09:16.668177922;21779;249.29;2.68594;BUY
2019-06-08T00:09:18.933000000;2019-06-08T00:09:18.954123273;21852;249.34;0.04766;BUY
2019-06-08T00:09:19.233000000;2019-06-08T00:09:19.303056879;21871;249.28;0.37217;SELL
2019-06-08T00:09:20.981000000;2019-06-08T00:09:21.003289399;21929;249.32;2.06123;BUY
2019-06-08T00:09:20.991000000;2019-06-08T00:09:21.012373635;21930;249.3;2.73854;SELL
2019-06-08T00:09:23.122000000;2019-06-08T00:09:23.144071838;22031;249.33;0.07363;BUY
2019-06-08T00:09:23.122000000;2019-06-08T00:09:23.144883391;22032;249.33;0.18302;BUY
2019-06-08T00:09:23.163000000;2019-06-08T00:09:23.183920306;22034;249.33;0.04452;BUY
2019-06-08T00:09:24.967000000;2019-06-08T00:09:24.989036121;22064;249.32;2.11456;SELL
2019-06-08T00:09:24.967000000;2019-06-08T00:09:24.989482108;22065;249.3;1.60872;SELL
2019-06-08T00:09:25.291000000;2019-06-08T00:09:25.412961921;22083;249.33;0.295;BUY
2019-06-08T00:09:25.387000000;2019-06-08T00:09:25.458212230;22084;249.33;0.295;BUY
2019-06-08T00:09:26.242000000;2019-06-08T00:09:26.433143542;22105;249.34;0.078;BUY
2019-06-08T00:09:26.870000000;2019-06-08T00:09:26.894055057;22116;249.32;6.741;SELL
2019-06-08T00:09:26.870000000;2019-06-08T00:09:26.894708995;22117;249.31;1.21578;SELL
2019-06-08T00:09:27.029000000;2019-06-08T00:09:27.051810475;22123;249.32;2.484;SELL
2019-06-08T00:09:27.073000000;2019-06-08T00:09:27.095375171;22130;249.34;0.00049;BUY
2019-06-08T00:09:27.073000000;2019-06-08T00:09:27.095544370;22131;249.34;3.48351;BUY
2019-06-08T00:09:27.273000000;2019-06-08T00:09:27.402871755;22147;249.34;0.516;BUY
2019-06-08T00:09:28.029000000;2019-06-08T00:09:28.052334980;22175;249.32;0.00035;SELL
2019-06-08T00:09:28.029000000;2019-06-08T00:09:28.053194918;22177;249.31;0.95665;SELL
2019-06-08T00:09:28.647000000;2019-06-08T00:09:28.685413213;22202;249.38;2.117;BUY
2019-06-08T00:09:29.384000000;2019-06-08T00:09:29.461872280;22219;249.38;0.00024;BUY
2019-06-08T00:09:29.384000000;2019-06-08T00:09:29.463342936;22220;249.4;0.04674;BUY
2019-06-08T00:09:29.813000000;2019-06-08T00:09:29.841647445;22230;249.39;1.093;BUY
2019-06-08T00:09:29.839000000;2019-06-08T00:09:29.861383397;22231;249.32;1;SELL
2019-06-08T00:09:29.839000000;2019-06-08T00:09:29.862014356;22232;249.31;0.00072;SELL
2019-06-08T00:09:31.306000000;2019-06-08T00:09:31.459348241;22328;249.29;7.22282;SELL
2019-06-08T00:09:32.474000000;2019-06-08T00:09:32.518945371;22374;249.39;4;BUY
2019-06-08T00:09:32.576000000;2019-06-08T00:09:32.620194036;22377;249.38;4;BUY
2019-06-08T00:09:32.992000000;2019-06-08T00:09:33.013966323;22446;249.39;4;BUY
2019-06-08T00:09:33.091000000;2019-06-08T00:09:33.113236746;22450;249.38;4;BUY
2019-06-08T00:09:33.606000000;2019-06-08T00:09:33.655360122;22510;249.39;0.04693;BUY
2019-06-08T00:09:34.058000000;2019-06-08T00:09:34.080862781;22562;249.39;1.211;BUY
2019-06-08T00:09:36.033000000;2019-06-08T00:09:36.056865374;22651;249.39;0.20167;BUY
2019-06-08T00:09:36.492000000;2019-06-08T00:09:36.540174337;22671;249.29;0.08699;SELL
2019-06-08T00:09:38.515000000;2019-06-08T00:09:38.563726408;22808;249.39;0.94191;BUY
2019-06-08T00:09:38.515000000;2019-06-08T00:09:38.564225459;22809;249.39;4;BUY
2019-06-08T00:09:38.515000000;2019-06-08T00:09:38.564655988;22810;249.4;0.00326;BUY
2019-06-08T00:09:38.515000000;2019-06-08T00:09:38.565139601;22811;249.4;0.89034;BUY
2019-06-08T00:09:38.515000000;2019-06-08T00:09:38.565654769;22812;249.47;0.40921;BUY
2019-06-08T00:09:38.515000000;2019-06-08T00:09:38.566305294;22813;249.47;4.3413;BUY
2019-06-08T00:09:39.817000000;2019-06-08T00:09:39.839364638;22864;249.38;0.04543;BUY
2019-06-08T00:09:40.537000000;2019-06-08T00:09:40.582423441;22910;249.3;7.95548;SELL
2019-06-08T00:09:40.611000000;2019-06-08T00:09:40.647616733;22915;249.3;4.45525;SELL
2019-06-08T00:09:41.504000000;2019-06-08T00:09:41.547205451;22924;249.3;4.58927;SELL
2019-06-08T00:09:41.504000000;2019-06-08T00:09:41.548218938;22925;249.3;0.88988;SELL
2019-06-08T00:09:41.504000000;2019-06-08T00:09:41.548911720;22926;249.29;2.47633;SELL
2019-06-08T00:09:43.029000000;2019-06-08T00:09:43.064747310;22984;249.3;0.889;SELL
2019-06-08T00:09:44.444000000;2019-06-08T00:09:44.500289547;23065;249.31;1.248;SELL
2019-06-08T00:09:44.444000000;2019-06-08T00:09:44.500934655;23067;249.29;3.422;SELL
2019-06-08T00:09:45.024000000;2019-06-08T00:09:45.045599480;23105;249.29;3.95915;SELL
2019-06-08T00:09:45.043000000;2019-06-08T00:09:45.066138575;23109;249.25;0.8902;SELL
2019-06-08T00:09:45.046000000;2019-06-08T00:09:45.069570304;23111;249.24;2.88;SELL
2019-06-08T00:09:45.147000000;2019-06-08T00:09:45.168877406;23134;249.24;0.07992;BUY
