time_exchange;time_coinapi;guid;price;base_amount;taker_side
43624.00004;43624.00003;10;7978.94;0.042461;SELL
43624.00004;43624.00003;13;248.82;2.7967;SELL
43624.00004;43624.00003;14;248.85;1.22656;BUY
43624.00004;43624.00003;16;7978.94;0.019112;SELL
43624.00004;43624.00003;18;7979.95;0.001419;BUY
43624.00005;43624.00003;49;248.78;0.08794;SELL
43624.00005;43624.00003;57;7978.94;0.000007;SELL
43624.00005;43624.00003;58;7978.92;0.003361;SELL
43624.00007;43624.00003;110;7978.94;0.002061;SELL
43624.00007;43624.00003;115;7979.47;0.116307;BUY
43624.00007;43624.00003;116;7978.94;0.040422;SELL
43624.00007;43624.00003;120;7979.43;0.118231;BUY
43624.00007;43624.00003;121;7979.94;0.244907;BUY
43624.00007;43624.00003;124;7978.94;0.002061;SELL
43624.00007;43624.00003;129;248.86;0.1;BUY
43624.00007;43624.00003;131;7978.94;0.00105;SELL
43624.00007;43624.00003;132;7978.92;0.001524;SELL
43624.00007;43624.00003;141;248.77;0.04864;SELL
43624.00008;43624.00003;151;7978.92;0.020252;SELL
43624.00008;43624.00003;152;7978.92;0.001748;SELL
43624.00008;43624.00003;158;248.79;1.23575;SELL
43624.00008;43624.00003;159;248.85;1.62925;BUY
43624.00009;43624.00003;191;7980;0.001492;BUY
43624.0001;43624.00003;206;7978.94;0.001902;SELL
43624.0001;43624.00003;207;7978.94;0.00169;SELL
43624.00011;43624.00003;226;248.77;0.04811;SELL
43624.00011;43624.00003;227;7978.94;0.0015;SELL
43624.00011;43624.00003;249;7978.94;0.076954;SELL
43624.00011;43624.00003;250;7979.25;0.084078;BUY
43624.00012;43624.00003;259;7978.92;0.001252;SELL
43624.00012;43624.00003;260;7977.01;0.025064;SELL
43624.00012;43624.00003;261;7977;0.043876;SELL
43624.00012;43624.00003;262;7973.91;0.002845;SELL
43624.00012;43624.00003;263;7973.89;0.023189;SELL
43624.00012;43624.00003;264;7973.89;0.195016;SELL
43624.00012;43624.00003;265;7973.87;0.194;SELL
43624.00012;43624.00003;266;7973.41;0.09737;SELL
43624.00012;43624.00003;275;7976.64;0.001903;BUY
43624.00012;43624.00003;286;7974.11;0.00745;SELL
43624.00013;43624.00003;290;7976.62;0.024317;BUY
43624.00013;43624.00003;291;7976.67;0.380185;BUY
43624.00014;43624.00003;304;7974.37;0.00188;SELL
43624.00014;43624.00003;305;7976.66;0.00188;BUY
43624.00014;43624.00003;306;7976.67;0.012475;BUY
43624.00014;43624.00003;321;248.77;0.04582;SELL
43624.00015;43624.00003;337;7976.65;0.056498;BUY
43624.00015;43624.00003;338;7976.66;0.257168;BUY
43624.00015;43624.00003;339;7976.66;0.257168;BUY
43624.00015;43624.00003;340;7976.66;0.257168;BUY
43624.00015;43624.00003;341;7976.66;0.257168;BUY
43624.00015;43624.00003;342;7976.66;0.193388;BUY
43624.00015;43624.00003;344;7976.66;0.06378;BUY
43624.00015;43624.00003;345;7976.66;0.034224;BUY
43624.00015;43624.00003;346;7976.67;0.526996;BUY
43624.00015;43624.00003;350;7976.67;0.33989;BUY
43624.00015;43624.00003;351;7976.67;0.06732;BUY
43624.00015;43624.00003;352;7976.67;0.030686;BUY
43624.00015;43624.00003;353;7977.01;0.06732;BUY
43624.00015;43624.00003;354;7979.94;0.007996;BUY
43624.00015;43624.00003;355;7979.94;0.06728;BUY
43624.00015;43624.00003;356;7979.94;0.021286;BUY
43624.00015;43624.00003;357;7979.94;0.049766;BUY
43624.00015;43624.00003;359;7976.84;0.077099;BUY
43624.00016;43624.00003;362;248.83;1.38727;BUY
43624.00016;43624.00003;366;7977.02;0.025062;SELL
43624.00016;43624.00003;367;7977.01;0.06193;SELL
43624.00016;43624.00003;369;7977.01;0.026297;SELL
43624.00016;43624.00003;370;7976.84;0.046761;SELL
43624.00017;43624.00003;373;7979.66;0.001488;BUY
43624.00018;43624.0002;384;7976.85;0.025063;SELL
43624.00018;43624.0002;385;7976.84;0.008266;SELL
43624.00019;43624.0002;408;7976.84;0.001402;SELL
43624.00019;43624.0002;410;7976.84;0.02067;SELL
43624.00019;43624.0002;412;7975.46;0.002803;SELL
43624.00019;43624.0002;413;248.83;0.04849;SELL
43624.0002;43624.0002;424;248.83;0.95151;SELL
43624.0002;43624.0002;459;7975.46;0.002212;SELL
43624.0002;43624.0002;460;7974.89;0.008;SELL
43624.0002;43624.0002;461;7974.87;0.009644;SELL
43624.00021;43624.00021;489;7974.87;0.01542;SELL
43624.00021;43624.00021;501;7972.91;0.109822;SELL
43624.00021;43624.00021;502;7972.88;0.023206;SELL
43624.00021;43624.00021;503;7972.76;0.025069;SELL
43624.00021;43624.00021;504;7972.75;0.843656;SELL
43624.00021;43624.00021;505;248.77;0.3212;SELL
43624.00021;43624.00021;523;7975.44;0.001483;BUY
43624.00021;43624.00022;532;248.78;4.46166;BUY
43624.00022;43624.00022;545;7972.76;0.02507;SELL
43624.00022;43624.00022;546;7972.72;0.001305;SELL
43624.00022;43624.00022;558;7973.36;0.098891;SELL
43624.00022;43624.00023;565;7971.61;0.001875;SELL
43624.00022;43624.00023;566;7971.26;0.001875;SELL
43624.00022;43624.00023;567;7971.14;0.002764;SELL
43624.00022;43624.00023;568;7968.88;0.067309;SELL
43624.00022;43624.00023;569;7968.86;0.026177;SELL
43624.00023;43624.00023;570;7974.76;0.00325;BUY
43624.00023;43624.00023;573;248.74;4;SELL
43624.00023;43624.00023;574;248.73;0.05;SELL
43624.00023;43624.00023;575;248.73;1.2061;SELL
43624.00023;43624.00023;577;7968.96;0.003262;SELL
43624.00023;43624.00023;578;7968.94;0.019838;SELL
43624.00023;43624.00023;599;7974.01;0.002802;BUY
43624.00023;43624.00023;606;7968.94;0.044328;SELL
43624.00023;43624.00023;608;7968.75;0.074029;SELL
43624.00023;43624.00023;642;248.73;0.00003;SELL
43624.00023;43624.00023;643;248.72;0.36976;SELL
43624.00023;43624.00023;644;7971.61;0.00416;SELL
43624.00023;43624.00023;647;248.71;0.13671;SELL
43624.00023;43624.00023;648;248.71;0.11354;SELL
43624.00023;43624.00023;649;248.7;0.081;SELL
43624.00023;43624.00023;650;248.7;4.919;SELL
43624.00023;43624.00023;651;248.69;0.06084;SELL
43624.00023;43624.00023;652;248.68;0.03906;SELL
43624.00024;43624.00024;669;7973.59;0.017641;BUY
43624.00024;43624.00024;673;248.68;0.17235;SELL
43624.00024;43624.00024;674;248.67;0.15289;SELL
43624.00024;43624.00024;688;7971.61;0.000127;SELL
43624.00024;43624.00024;689;7968.74;0.004393;SELL
43624.00024;43624.00024;690;7968.59;0.001702;SELL
43624.00024;43624.00024;691;7968.56;0.110249;SELL
43624.00024;43624.00024;693;7968.5;0.001702;SELL
43624.00024;43624.00024;696;7968.5;0.006998;SELL
43624.00024;43624.00024;699;7968.45;0.000367;SELL
43624.00024;43624.00024;700;7973.39;0.00334;BUY
43624.00024;43624.00024;704;7968.45;0.002397;SELL
43624.00024;43624.00024;705;7968.25;0.006599;SELL
43624.00024;43624.00024;706;7968.18;0.001305;SELL
43624.00024;43624.00024;707;7968.13;0.000002;SELL
43624.00024;43624.00024;708;7967.88;0.115235;SELL
43624.00024;43624.00024;715;7973.23;0.11729;BUY
43624.00024;43624.00024;716;248.67;0.08851;SELL
43624.00024;43624.00024;717;7967.9;0.003371;SELL
43624.00024;43624.00024;718;7967.88;0.103627;SELL
43624.00024;43624.00024;722;248.67;0.04854;SELL
43624.00024;43624.00024;728;7973.19;0.002135;BUY
43624.00025;43624.00025;790;248.67;0.33083;SELL
43624.00026;43624.00026;822;248.67;0.13445;SELL
43624.00026;43624.00026;827;248.67;1.41963;SELL
43624.00026;43624.00026;833;7972.02;0.001427;BUY
43624.00026;43624.00026;847;7971.91;0.045721;BUY
43624.00026;43624.00026;848;7971.92;0.065935;BUY
43624.00027;43624.00027;853;7971.81;0.02147;BUY
43624.00027;43624.00027;860;7971.68;0.004103;BUY
43624.00027;43624.00027;863;248.67;0.23461;SELL
43624.00027;43624.00027;868;248.67;2.59032;SELL
43624.00028;43624.00028;886;7971.25;0.008;BUY
43624.00028;43624.00028;887;7971.26;0.016891;BUY
43624.00028;43624.00028;889;248.72;0.51563;BUY
43624.00028;43624.00028;895;7970;0.013846;BUY
43624.00028;43624.00028;912;7969.99;0.062965;BUY
43624.00028;43624.00028;917;248.67;0.00022;SELL
43624.00028;43624.00028;918;248.67;0.56478;SELL
43624.00028;43624.00028;921;7969.99;0.017628;BUY
43624.00028;43624.00028;922;7969.99;0.001288;BUY
43624.00029;43624.00029;928;248.73;0.04423;BUY
43624.00029;43624.00029;933;7969.99;0.069542;BUY
43624.00029;43624.00029;946;7969.99;0.002507;BUY
43624.00029;43624.00029;964;248.64;0.04823;SELL
43624.00029;43624.00029;965;7967.77;0.025094;SELL
43624.00029;43624.00029;966;7967.76;0.212319;SELL
43624.00029;43624.00029;969;7968.34;0.126803;SELL
43624.00029;43624.00029;985;248.64;1.57418;SELL
43624.00029;43624.00029;999;7967.77;0.024981;SELL
43624.00029;43624.00029;1001;7969.99;0.006251;BUY
43624.00029;43624.0003;1007;248.64;0.0646;SELL
43624.0003;43624.0003;1016;7969.99;0.026954;BUY
43624.0003;43624.0003;1017;7970;0.009661;BUY
43624.00031;43624.00031;1021;7969.97;0.023218;BUY
43624.00031;43624.00031;1029;7969.99;0.114316;BUY
43624.00031;43624.00031;1039;7970;0.001517;BUY
43624.00031;43624.00031;1042;7970;0.002294;BUY
43624.00031;43624.00031;1045;7970;0.113362;BUY
43624.00031;43624.00031;1049;248.65;1;BUY
43624.00031;43624.00031;1057;7967.48;0.001294;SELL
43624.00031;43624.00031;1058;7967.2;0.000586;SELL
43624.00032;43624.00032;1084;248.65;0.471;BUY
43624.00032;43624.00032;1095;248.65;0.48202;BUY
43624.00033;43624.00033;1109;7967.44;0.009182;SELL
43624.00033;43624.00033;1113;7967.88;0.002402;BUY
43624.00033;43624.00033;1116;7967.88;0.025744;BUY
43624.00033;43624.00033;1117;248.64;0.256;SELL
43624.00033;43624.00033;1118;7967.88;0.007988;BUY
43624.00033;43624.00033;1119;7967.88;0.001381;BUY
43624.00033;43624.00033;1120;7967.88;0.006346;BUY
43624.00033;43624.00033;1128;248.64;0.684;SELL
43624.00033;43624.00033;1129;7967.88;0.021344;BUY
43624.00033;43624.00033;1131;7967.45;0.002483;SELL
43624.00033;43624.00033;1137;248.66;0.14312;BUY
43624.00034;43624.00034;1145;7967.86;0.050708;BUY
43624.00034;43624.00034;1146;248.64;1.625;SELL
43624.00034;43624.00034;1149;7967.86;0.000017;BUY
43624.00034;43624.00034;1150;7967.88;0.000028;BUY
43624.00034;43624.00034;1151;7970;0.00685;BUY
43624.00034;43624.00034;1159;7967.52;0.111125;SELL
43624.00034;43624.00034;1161;7967.49;0.055001;SELL
43624.00034;43624.00034;1164;7967.53;0.025094;SELL
43624.00034;43624.00034;1165;7967.49;0.474906;SELL
43624.00034;43624.00034;1167;7967.54;0.116556;SELL
43624.00034;43624.00034;1168;7967.5;0.025094;SELL
43624.00034;43624.00034;1169;7967.2;0.001116;SELL
43624.00034;43624.00034;1170;7967.2;0.003;SELL
43624.00034;43624.00034;1171;7967.01;0.003939;SELL
43624.00034;43624.00034;1172;7966.84;0.005928;SELL
43624.00034;43624.00034;1173;7966.66;0.007357;SELL
43624.00034;43624.00034;1174;7966.66;0.00159;SELL
43624.00034;43624.00034;1176;7966.32;0.007985;BUY
43624.00034;43624.00034;1177;7966.32;0.017;BUY
43624.00034;43624.00034;1178;7966.32;0.005503;BUY
43624.00034;43624.00034;1190;7966.32;0.040937;BUY
43624.00034;43624.00034;1191;7966.32;0.002498;BUY
43624.00034;43624.00034;1192;7966.32;0.001381;BUY
43624.00034;43624.00034;1198;7966.32;0.011499;BUY
43624.00034;43624.00034;1199;7969.97;0.065205;BUY
43624.00034;43624.00034;1200;7969.98;0.010096;BUY
43624.00034;43624.00034;1201;248.64;2.781;SELL
43624.00034;43624.00034;1202;7969.98;0.086781;BUY
43624.00034;43624.00034;1204;7966.32;0.018583;SELL
43624.00034;43624.00034;1205;7966.31;0.001882;SELL
43624.00034;43624.00034;1206;7966.22;0.025105;SELL
43624.00034;43624.00034;1207;7966.21;0.2;SELL
43624.00034;43624.00034;1208;7966.2;0.03766;SELL
43624.00034;43624.00034;1209;7966.14;0.00478;SELL
43624.00034;43624.00034;1210;7966;0.00296;SELL
43624.00034;43624.00034;1211;7965.94;0.122227;SELL
43624.00034;43624.00034;1212;7969.98;0.002958;BUY
43624.00034;43624.00034;1214;7966.23;0.023225;SELL
43624.00034;43624.00034;1216;7966.23;0.008009;SELL
43624.00034;43624.00035;1223;7966.21;0.055569;BUY
43624.00035;43624.00035;1228;7969.91;0.008009;BUY
43624.00035;43624.00035;1229;7969.91;0.004535;BUY
43624.00035;43624.00035;1230;7969.91;0.01869;BUY
43624.00035;43624.00035;1233;7969.91;0.002282;BUY
43624.00035;43624.00035;1234;248.64;0.672;SELL
43624.00035;43624.00035;1235;248.64;0.29499;SELL
43624.00035;43624.00035;1236;7965.95;0.025094;SELL
43624.00035;43624.00035;1237;7965.93;0.05211;SELL
43624.00035;43624.00035;1238;7965.9;0.110742;SELL
43624.00035;43624.00035;1240;248.64;1;BUY
43624.00035;43624.00035;1241;7968.31;0.240136;BUY
43624.00035;43624.00035;1248;248.64;1;BUY
43624.00035;43624.00035;1259;248.64;0.04425;BUY
43624.00035;43624.00035;1263;7965.93;0.023226;SELL
43624.00035;43624.00035;1264;7965.91;0.011006;SELL
43624.00035;43624.00035;1269;7965.91;0.014088;SELL
43624.00035;43624.00035;1270;7965.9;0.075172;SELL
43624.00035;43624.00035;1271;7965.9;0.00276;SELL
43624.00035;43624.00035;1273;7965.9;0.011326;SELL
43624.00035;43624.00035;1274;7965.76;0.001519;SELL
43624.00035;43624.00035;1275;7965.76;0.016675;SELL
43624.00035;43624.00035;1276;7965.76;0.011326;SELL
43624.00035;43624.00035;1278;7965.75;0.002764;SELL
43624.00036;43624.00036;1294;7965.82;0.025099;SELL
43624.00036;43624.00036;1297;7965.81;0.061651;SELL
43624.00036;43624.00036;1305;7965.81;0.00534;SELL
43624.00036;43624.00036;1325;248.62;0.04462;SELL
43624.00036;43624.00036;1327;7968.19;0.001611;BUY
43624.00037;43624.00037;1342;7967.86;1.240758;SELL
43624.00037;43624.00037;1349;7967.86;0.053605;SELL
43624.00037;43624.00037;1369;7967.86;1.6;SELL
43624.00037;43624.00037;1371;7967.86;0.625;SELL
43624.00037;43624.00037;1373;7967.86;0.16407;SELL
43624.00038;43624.00038;1379;7967.86;0.011;SELL
43624.00038;43624.00038;1389;7968.12;0.040262;BUY
43624.00038;43624.00038;1390;248.62;0.02837;SELL
43624.00038;43624.00038;1391;248.62;0.40351;SELL
43624.00038;43624.00038;1392;248.62;0.11354;SELL
43624.00038;43624.00038;1404;248.6;0.29826;SELL
43624.00038;43624.00038;1405;248.6;0.70026;SELL
43624.00038;43624.00038;1426;7968.18;0.001412;BUY
43624.00039;43624.00039;1437;7967.86;0.001147;SELL
43624.00039;43624.00039;1438;7965.22;0.025099;SELL
43624.00039;43624.00039;1439;7965.21;0.00534;SELL
43624.00039;43624.00039;1440;7965.01;0.012359;SELL
43624.00039;43624.00039;1441;7965;0.005;SELL
43624.00039;43624.00039;1442;7964.7;0.002288;SELL
43624.00039;43624.00039;1443;7964.06;0.03;SELL
43624.00039;43624.00039;1444;7964.04;0.002201;SELL
43624.00039;43624.00039;1446;7964.04;0.006107;SELL
43624.00039;43624.00039;1447;7963.63;0.001305;SELL
43624.00039;43624.00039;1448;7963.15;0.011182;SELL
43624.00039;43624.00039;1449;7963.06;0.002764;SELL
43624.00039;43624.00039;1450;7963;0.001506;SELL
43624.00039;43624.00039;1451;7962.95;0.030455;SELL
43624.00039;43624.00039;1452;7962.53;0.030296;SELL
43624.00039;43624.00039;1453;7961.86;0.008007;SELL
43624.00039;43624.00039;1454;7961.86;0.012949;SELL
43624.00039;43624.00039;1445;248.57;0.04826;SELL
43624.00039;43624.00039;1457;7963.99;0.004141;BUY
43624.00039;43624.00039;1458;7964;0.140989;BUY
43624.00039;43624.00039;1462;7964;0.003;BUY
43624.00039;43624.00039;1463;7964;0.001145;BUY
43624.00039;43624.00039;1464;7968.01;0.002999;BUY
43624.00039;43624.00039;1471;248.58;1.75449;BUY
43624.0004;43624.0004;1480;7963.99;0.001366;SELL
43624.0004;43624.0004;1481;7962.39;0.011054;SELL
43624.0004;43624.0004;1485;248.57;0.00486;SELL
43624.0004;43624.0004;1486;248.57;0.79224;SELL
43624.0004;43624.0004;1489;7965.16;0.153239;SELL
43624.00041;43624.00041;1521;7962.54;0.024577;SELL
43624.00041;43624.00041;1528;7966.95;0.008007;BUY
43624.00041;43624.00041;1529;7966.96;0.012949;BUY
43624.00041;43624.00041;1530;7966.97;0.02186;BUY
43624.00041;43624.00041;1533;7965.16;0.117707;BUY
43624.00041;43624.00041;1535;7965.16;0.011536;BUY
43624.00041;43624.00041;1536;7962.57;0.025109;SELL
43624.00041;43624.00041;1537;7962.56;0.041891;SELL
43624.00041;43624.00041;1542;248.57;0.04745;BUY
43624.00042;43624.00042;1552;248.57;5;BUY
43624.00042;43624.00042;1562;7965.13;0.023226;BUY
43624.00042;43624.00042;1563;7965.13;0.03903;BUY
43624.00042;43624.00042;1564;7965.14;0.147728;BUY
43624.00042;43624.00042;1565;7965.15;0.034499;BUY
43624.00043;43624.00043;1601;7964.06;0.139788;BUY
43624.00043;43624.00043;1604;248.57;0.19555;BUY
43624.00043;43624.00043;1606;7965.11;0.005981;BUY
43624.00043;43624.00043;1608;7962.59;0.025109;SELL
43624.00043;43624.00043;1609;7962.58;0.042168;SELL
43624.00043;43624.00043;1610;248.57;5.136;SELL
43624.00043;43624.00043;1614;248.57;1;SELL
43624.00043;43624.00043;1619;248.57;0.28183;SELL
43624.00044;43624.00044;1663;248.6;3.638;BUY
43624.00044;43624.00044;1664;248.6;2.362;BUY
43624.00044;43624.00044;1665;248.6;0.313;BUY
43624.00044;43624.00044;1666;248.61;2.19217;BUY
43624.00044;43624.00044;1667;248.63;3.42534;BUY
43624.00045;43624.00045;1691;7961.8;0.008013;SELL
43624.00045;43624.00045;1692;7961.78;0.025109;SELL
43624.00045;43624.00045;1693;7961.77;0.110872;SELL
43624.00045;43624.00045;1694;7961.57;0.020088;SELL
43624.00045;43624.00045;1695;7961.13;0.001308;SELL
43624.00045;43624.00045;1696;7961.02;0.023236;SELL
43624.00045;43624.00045;1697;7961;0.125612;SELL
43624.00045;43624.00045;1698;7960.99;0.001323;SELL
43624.00045;43624.00045;1699;7960.97;0.014228;SELL
43624.00045;43624.00045;1700;7960.5;0.150586;SELL
43624.00045;43624.00045;1701;7960.5;0.143907;SELL
43624.00045;43624.00046;1719;248.59;0.06;SELL
43624.00045;43624.00046;1720;7962.13;0.112593;BUY
43624.00046;43624.00046;1734;7964.84;0.001448;BUY
43624.00046;43624.00046;1746;7960.99;0.001449;SELL
43624.00046;43624.00046;1747;7960.97;0.009534;SELL
43624.00046;43624.00046;1754;248.65;0.14774;BUY
43624.00046;43624.00046;1761;7964.51;0.01;BUY
43624.00047;43624.00047;1774;248.56;0.04307;SELL
43624.00047;43624.00047;1777;7960.97;0.015574;SELL
43624.00047;43624.00047;1780;7960.97;0.000002;SELL
43624.00047;43624.00047;1781;7960.36;0.002764;SELL
43624.00047;43624.00047;1782;7960.14;0.005319;SELL
43624.00047;43624.00047;1787;7960.16;0.002932;SELL
43624.00047;43624.00047;1788;248.56;0.00002;SELL
43624.00047;43624.00047;1789;248.55;0.05998;SELL
43624.00047;43624.00047;1796;7964.11;0.110909;BUY
43624.00047;43624.00047;1797;7964.18;0.008014;BUY
43624.00047;43624.00047;1798;7964.2;0.006634;BUY
43624.00048;43624.00048;1800;248.59;0.12721;BUY
43624.00048;43624.00048;1808;248.58;0.04605;BUY
43624.00049;43624.00049;1811;7964.83;0.009112;BUY
43624.00049;43624.00049;1815;7960.48;0.008015;SELL
43624.00049;43624.00049;1816;7960.46;0.002031;SELL
43624.00049;43624.00049;1817;7960.46;0.00188;SELL
43624.00049;43624.00049;1818;248.61;0.84191;BUY
43624.00051;43624.00051;1854;248.56;1.195;SELL
43624.00051;43624.00051;1855;7962.57;0.025112;BUY
43624.00051;43624.00051;1856;7962.58;0.012191;BUY
43624.00051;43624.00051;1859;7962.57;0.008023;BUY
43624.00051;43624.00051;1860;248.56;0.257;SELL
43624.00051;43624.00051;1861;7960.46;0.02511;SELL
43624.00051;43624.00051;1862;7960.45;0.109792;SELL
43624.00051;43624.00051;1863;7960.14;0.005287;SELL
43624.00051;43624.00051;1864;7960.09;0.002122;SELL
43624.00051;43624.00051;1865;7960;0.015636;SELL
43624.00051;43624.00051;1866;7960;0.00157;SELL
43624.00051;43624.00051;1867;7960;0.081063;SELL
43624.00052;43624.00052;1882;7962.4;0.00749;BUY
43624.00052;43624.00052;1883;7962.41;0.002882;BUY
43624.00053;43624.00053;1900;7962.31;0.009497;BUY
43624.00053;43624.00053;1906;248.55;0.01204;SELL
43624.00053;43624.00053;1907;248.54;0.2503;SELL
43624.00053;43624.00053;1908;7962.26;0.001481;BUY
43624.00053;43624.00053;1915;7960;0.003866;SELL
43624.00053;43624.00053;1916;7960;0.00628;SELL
43624.00054;43624.00054;1944;248.56;0.29963;SELL
43624.00054;43624.00054;1970;248.56;0.11757;SELL
43624.00054;43624.00054;1977;248.56;0.65195;SELL
43624.00055;43624.00055;2006;7961.84;0.006658;BUY
43624.00056;43624.00056;2019;248.58;2.36589;BUY
43624.00056;43624.00056;2023;248.59;2;BUY
43624.00056;43624.00056;2024;248.59;2;BUY
43624.00056;43624.00056;2025;248.61;0.04794;BUY
43624.00056;43624.00056;2029;7961.84;0.108741;BUY
43624.00056;43624.00056;2030;7961.85;0.011265;BUY
43624.00056;43624.00056;2033;248.61;1.45206;BUY
43624.00056;43624.00056;2095;7961.93;0.03;BUY
43624.00056;43624.00056;2096;7961.93;0.022612;BUY
43624.00056;43624.00056;2106;7961.93;0.001897;SELL
43624.00056;43624.00056;2113;248.59;0.39905;SELL
43624.00056;43624.00056;2120;7962.58;0.033152;SELL
43624.00056;43624.00056;2122;7961.93;0.020715;SELL
43624.00056;43624.00056;2123;7960.02;0.025119;SELL
43624.00056;43624.00056;2124;7960.01;0.172152;SELL
43624.00056;43624.00056;2156;7960.01;0.001896;SELL
43624.00056;43624.00056;2170;248.58;0.2168;SELL
43624.00057;43624.00057;2237;7962.58;0.033152;SELL
43624.00057;43624.00057;2238;7960.14;0.090284;SELL
43624.00057;43624.00057;2243;7960.14;0.018989;SELL
43624.00057;43624.00057;2244;7960.1;0.014118;SELL
43624.00057;43624.00057;2251;248.62;0.27467;BUY
43624.00057;43624.00057;2252;248.62;2.18016;BUY
43624.00057;43624.00057;2255;7961.93;0.002625;SELL
43624.00057;43624.00057;2256;248.58;0.75109;SELL
43624.00057;43624.00057;2263;248.63;0.36967;BUY
43624.00058;43624.00058;2267;7963.3;0.0015;BUY
43624.00059;43624.00059;2324;7962.63;0.041876;BUY
43624.00059;43624.00059;2326;7961.93;0.000107;SELL
43624.00059;43624.00059;2327;7960.12;0.001498;SELL
43624.00059;43624.00059;2328;7960.1;0.003837;SELL
43624.00059;43624.0006;2330;7960.1;0.021278;SELL
43624.00059;43624.0006;2331;7960.09;0.053333;SELL
43624.0006;43624.0006;2352;248.64;0.08591;BUY
43624.0006;43624.0006;2365;7962.6;0.001468;BUY
43624.00061;43624.00061;2379;7962.6;0.01602;BUY
43624.00062;43624.00062;2405;7962.6;0.007;BUY
43624.00062;43624.00062;2413;7960.1;0.008172;SELL
43624.00062;43624.00062;2420;248.58;4;SELL
43624.00062;43624.00062;2421;248.56;3.97356;SELL
43624.00063;43624.00063;2430;7962.6;0.001516;BUY
43624.00063;43624.00063;2432;7962.59;0.018201;SELL
43624.00063;43624.00063;2433;7962.59;0.002505;BUY
43624.00063;43624.00063;2435;248.59;0.0469;BUY
43624.00063;43624.00063;2438;7962.58;0.023;BUY
43624.00063;43624.00063;2439;7962.58;0.000601;BUY
43624.00063;43624.00063;2440;7962.59;0.054282;BUY
43624.00063;43624.00063;2441;7962.61;0.080183;BUY
43624.00063;43624.00063;2444;7962.61;0.031282;BUY
43624.00063;43624.00063;2445;7963.26;0.008013;BUY
43624.00063;43624.00063;2446;7963.28;0.049725;BUY
43624.00063;43624.00063;2447;7963.3;0.025137;BUY
43624.00063;43624.00063;2448;7963.35;0.064642;BUY
43624.00063;43624.00063;2449;7963.35;0.064642;BUY
43624.00063;43624.00063;2450;7963.35;0.039142;BUY
43624.00063;43624.00063;2451;7962.6;0.022919;BUY
43624.00063;43624.00063;2452;7963.35;0.0255;BUY
43624.00063;43624.00063;2453;7963.35;0.064642;BUY
43624.00063;43624.00063;2454;7963.35;0.064642;BUY
43624.00063;43624.00063;2455;7963.35;0.064642;BUY
43624.00063;43624.00063;2456;7963.35;0.064642;BUY
43624.00063;43624.00063;2457;7963.35;0.064642;BUY
43624.00063;43624.00063;2458;7963.35;0.034505;BUY
43624.00063;43624.00063;2459;7964.77;0.258987;BUY
43624.00063;43624.00063;2460;7964.77;0.143448;BUY
43624.00063;43624.00063;2461;7964.77;0.078665;BUY
43624.00063;43624.00063;2462;7964.77;0.114111;BUY
43624.00063;43624.00063;2463;7964.77;0.258987;BUY
43624.00063;43624.00063;2464;7964.77;0.143448;BUY
43624.00063;43624.00063;2465;7964.77;0.078665;BUY
43624.00063;43624.00063;2466;7964.77;0.114111;BUY
43624.00063;43624.00063;2467;7964.77;0.258987;BUY
43624.00063;43624.00063;2468;7964.77;0.143448;BUY
43624.00063;43624.00063;2469;7964.77;0.078665;BUY
43624.00063;43624.00063;2470;7964.77;0.114111;BUY
43624.00063;43624.00063;2471;7964.77;0.258987;BUY
43624.00063;43624.00063;2472;7964.77;0.042681;BUY
43624.00063;43624.00063;2473;7964.77;0.100767;BUY
43624.00063;43624.00063;2474;7964.77;0.078665;BUY
43624.00063;43624.00063;2475;7964.77;0.114111;BUY
43624.00063;43624.00063;2476;7964.77;0.206457;BUY
43624.00063;43624.00063;2477;248.58;2.231;BUY
43624.00063;43624.00063;2478;7964.63;0.114648;BUY
43624.00063;43624.00063;2479;7964.77;0.05253;BUY
43624.00063;43624.00063;2480;7964.77;0.143448;BUY
43624.00063;43624.00063;2481;7964.77;0.078665;BUY
43624.00063;43624.00063;2482;7964.77;0.110709;BUY
43624.00063;43624.00063;2484;7963.35;0.069642;SELL
43624.00063;43624.00063;2485;7964.77;0.003402;BUY
43624.00063;43624.00063;2486;7964.77;0.013232;BUY
43624.00063;43624.00063;2487;7964.77;0.064562;BUY
43624.00063;43624.00063;2488;7964.77;0.004813;BUY
43624.00063;43624.00063;2489;7964.77;0.002818;BUY
43624.00063;43624.00063;2490;7964.78;0.263656;BUY
43624.00063;43624.00063;2491;7964.78;0.625;BUY
43624.00063;43624.00063;2492;7964.78;1.25;BUY
43624.00063;43624.00063;2494;7964.78;0.225392;BUY
43624.00063;43624.00063;2495;7964.78;0.625;BUY
43624.00063;43624.00063;2496;7964.78;0.127091;BUY
43624.00063;43624.00063;2498;7964.78;0.5;BUY
43624.00063;43624.00063;2499;7964.78;0.098301;BUY
43624.00063;43624.00063;2507;7960.18;0.02511;SELL
43624.00063;43624.00063;2508;7960.17;0.006146;SELL
43624.00064;43624.00064;2513;7960.25;0.02511;SELL
43624.00064;43624.00064;2514;7960.24;0.087085;SELL
43624.00064;43624.00064;2516;248.57;0.373;BUY
43624.00064;43624.00064;2521;248.57;0.00031;BUY
43624.00064;43624.00064;2523;248.58;0.0004;BUY
43624.00064;43624.00064;2524;248.6;2.23189;BUY
43624.00064;43624.00064;2525;7960.38;0.014299;SELL
43624.00064;43624.00064;2526;7964.75;0.006146;BUY
43624.00064;43624.00064;2527;7964.77;0.022644;BUY
43624.00064;43624.00064;2531;7964.77;0.002466;BUY
43624.00064;43624.00064;2534;7964.78;0.067045;BUY
43624.00064;43624.00064;2541;7964.78;0.02879;BUY
43624.00064;43624.00064;2552;7964.77;0.02511;BUY
43624.00064;43624.00064;2553;7964.78;0.189725;BUY
43624.00064;43624.00064;2554;7965;0.143155;BUY
43624.00064;43624.00064;2555;7965;0.0026;BUY
43624.00064;43624.00064;2556;7965;0.212235;BUY
43624.00064;43624.00064;2557;7965.16;0.000007;BUY
43624.00064;43624.00064;2558;7965.5;0.287758;BUY
43624.00065;43624.00065;2571;248.65;2.64926;BUY
43624.00065;43624.00065;2577;7965.44;0.07;BUY
43624.00065;43624.00065;2588;7965.44;0.04954;BUY
43624.00065;43624.00065;2595;248.67;2;BUY
43624.00065;43624.00065;2609;7965.44;0.000005;BUY
43624.00065;43624.00065;2613;7965.5;0.212237;BUY
43624.00065;43624.00065;2647;7967.05;0.03;BUY
43624.00065;43624.00065;2659;7961.13;0.025102;SELL
43624.00065;43624.00065;2660;7961.12;0.036387;SELL
43624.00065;43624.00065;2672;248.63;1.81024;SELL
43624.00065;43624.00065;2685;7961.38;0.025103;SELL
43624.00065;43624.00065;2687;7961.37;0.006078;SELL
43624.00065;43624.00065;2688;248.63;2.18955;SELL
43624.00065;43624.00066;2696;7961.58;0.008014;SELL
43624.00066;43624.00066;2700;7961.76;0.025103;SELL
43624.00066;43624.00066;2701;7961.75;0.031719;SELL
43624.00066;43624.00066;2704;248.63;0.00021;SELL
43624.00066;43624.00066;2705;248.63;0.89371;SELL
43624.00066;43624.00066;2721;7961.93;0.008013;SELL
43624.00066;43624.00066;2722;7961.92;0.017046;SELL
43624.00066;43624.00066;2732;7962.08;0.025103;SELL
43624.00066;43624.00066;2734;7962.08;0.09043;SELL
43624.00066;43624.00066;2743;248.67;0.64;BUY
43624.00066;43624.00066;2747;248.67;0.06;BUY
43624.00066;43624.00066;2749;248.67;0.20258;BUY
43624.00066;43624.00066;2750;7966.99;0.008013;BUY
43624.00066;43624.00066;2751;7967.01;0.006078;BUY
43624.00066;43624.00066;2752;7967.01;0.025102;BUY
43624.00066;43624.00066;2753;7967.02;0.120147;BUY
43624.00066;43624.00066;2755;7967.44;0.247653;BUY
43624.00066;43624.00066;2757;7967.44;0.144715;BUY
43624.00066;43624.00066;2763;7967.82;0.100369;BUY
43624.00066;43624.00066;2764;7967.83;0.056008;BUY
43624.00066;43624.00066;2766;248.74;0.08006;BUY
43624.00066;43624.00066;2772;7966.07;0.008191;SELL
43624.00066;43624.00066;2773;7968.18;0.001305;BUY
43624.00066;43624.00067;2780;7966.09;0.008009;SELL
43624.00066;43624.00067;2781;7966.07;0.000001;SELL
43624.00067;43624.00067;2782;7970;0.010094;BUY
43624.00067;43624.00067;2783;7970.93;0.008191;BUY
43624.00067;43624.00067;2784;7970.94;0.041915;BUY
43624.00067;43624.00067;2785;7970.94;0.0013;BUY
43624.00067;43624.00067;2788;7966.07;0.016906;SELL
43624.00067;43624.00067;2790;7966.07;0.000001;SELL
43624.00067;43624.00067;2791;7966.06;0.001879;SELL
43624.00067;43624.00067;2794;7966.07;0.025091;SELL
43624.00067;43624.00067;2795;7966.09;0.023225;SELL
43624.00067;43624.00067;2822;7966.21;0.025092;SELL
43624.00067;43624.00067;2824;7966.2;0.010487;SELL
43624.00067;43624.00067;2821;248.73;2.35968;BUY
43624.00067;43624.00067;2823;248.74;0.06719;BUY
43624.00067;43624.00067;2831;7970.56;0.001399;BUY
43624.00068;43624.00068;2836;248.66;2;SELL
43624.00068;43624.00068;2854;7966.55;0.001312;SELL
43624.00068;43624.00068;2862;7966.57;0.001312;SELL
43624.00069;43624.00069;2892;7966.85;0.008069;SELL
43624.00069;43624.00069;2894;7969.29;0.194186;BUY
43624.00069;43624.00069;2897;7970.23;0.007922;BUY
43624.00069;43624.00069;2898;7970.24;0.023225;BUY
43624.00069;43624.00069;2899;7970.24;0.036387;BUY
43624.00069;43624.00069;2900;7970.26;0.151089;BUY
43624.00069;43624.00069;2901;7970.32;0.005407;BUY
43624.00069;43624.00069;2902;7970.32;0.007922;BUY
43624.00069;43624.00069;2903;7970.18;0.108767;BUY
43624.00069;43624.00069;2904;7970.32;0.098123;BUY
43624.00069;43624.00069;2905;7970.64;0.0125;BUY
43624.0007;43624.0007;2915;248.76;0.4;BUY
43624.0007;43624.0007;2920;248.76;1;BUY
43624.0007;43624.0007;2926;7968.57;0.003085;SELL
43624.0007;43624.0007;2929;248.83;0.04799;BUY
43624.0007;43624.0007;2930;248.77;1.00218;SELL
43624.0007;43624.0007;2931;7971.25;0.050457;BUY
43624.0007;43624.0007;2933;248.77;0.2816;SELL
43624.00071;43624.00071;2946;248.77;3.95922;SELL
43624.00071;43624.00071;2947;248.77;2.03478;SELL
43624.00071;43624.00071;2948;7972.17;0.113186;BUY
43624.00071;43624.00071;2949;7972.18;0.005964;BUY
43624.00071;43624.00071;2963;248.78;1.703;SELL
43624.00071;43624.00071;2964;248.77;1.60322;SELL
43624.00071;43624.00071;2965;248.77;2.35751;SELL
43624.00071;43624.00071;2966;248.73;2.30354;SELL
43624.00071;43624.00071;2967;248.79;5.243;SELL
43624.00071;43624.00071;2968;248.74;4;SELL
43624.00071;43624.00071;2969;248.73;1.43357;SELL
43624.00072;43624.00072;2978;7972.17;0.187864;BUY
43624.00072;43624.00072;2979;248.83;0.53873;BUY
43624.00072;43624.00072;2988;7969.32;0.008005;SELL
43624.00072;43624.00072;2992;7972.17;0.058354;BUY
43624.00072;43624.00072;2993;7972.17;0.249539;BUY
43624.00072;43624.00072;3004;7969.35;0.008006;SELL
43624.00072;43624.00072;3005;7969.33;0.017081;SELL
43624.00072;43624.00072;3009;7969.45;0.008005;SELL
43624.00072;43624.00072;3011;7972.15;0.001413;BUY
43624.00072;43624.00072;3020;7969.54;0.025087;SELL
43624.00072;43624.00072;3021;7969.53;0.016798;SELL
43624.00073;43624.00073;3026;7969.62;0.001992;SELL
43624.00073;43624.00073;3037;7972.72;0.001305;BUY
43624.00073;43624.00073;3038;7974.2;0.01;BUY
43624.00073;43624.00073;3039;7975.79;0.006593;BUY
43624.00073;43624.00073;3040;7975.81;0.143141;BUY
43624.00073;43624.00073;3041;7975.81;0.001156;BUY
43624.00073;43624.00073;3042;7969.7;0.001283;SELL
43624.00073;43624.00073;3047;7969.88;0.006722;SELL
43624.00073;43624.00073;3048;7969.87;0.025076;SELL
43624.00073;43624.00073;3049;7969.86;0.044389;SELL
43624.00073;43624.00073;3061;7971.25;0.007475;BUY
43624.00073;43624.00073;3071;248.83;0.413;BUY
43624.00073;43624.00073;3073;7971.5;0.012892;SELL
43624.00074;43624.00074;3078;7971.5;0.010318;SELL
43624.00074;43624.00074;3079;7971.48;0.025076;SELL
43624.00074;43624.00074;3080;7971.47;0.008784;SELL
43624.00074;43624.00074;3085;7973.73;0.162014;BUY
43624.00074;43624.00074;3086;7975.55;0.008005;BUY
43624.00074;43624.00074;3087;7975.57;0.02321;BUY
43624.00074;43624.00074;3088;7975.58;0.004397;BUY
43624.00074;43624.00074;3089;7975.59;0.152193;BUY
43624.00074;43624.00074;3091;7971.51;0.008672;SELL
43624.00074;43624.00074;3093;248.83;0.00028;BUY
43624.00074;43624.00074;3099;248.86;4.538;BUY
43624.00074;43624.00074;3100;248.86;4.597;BUY
43624.00074;43624.00074;3102;248.86;3.1306;BUY
43624.00075;43624.00075;3119;248.94;0.04747;BUY
43624.00075;43624.00075;3129;7971.69;0.035108;SELL
43624.00075;43624.00075;3130;7971.68;0.042458;SELL
43624.00076;43624.00076;3173;7971.73;0.007861;SELL
43624.00076;43624.00076;3181;7971.71;0.003353;SELL
43624.00077;43624.00077;3225;7971.71;0.022103;SELL
43624.00077;43624.00077;3237;7971.74;0.035111;SELL
43624.00077;43624.00077;3238;7971.74;0.091458;SELL
43624.00078;43624.00078;3253;7971.75;0.035111;SELL
43624.00078;43624.00078;3254;7971.73;0.057963;SELL
43624.00078;43624.00078;3279;7971.73;0.036596;SELL
43624.00078;43624.00078;3324;7971.73;0.000025;SELL
43624.00078;43624.00078;3325;7971.59;0.003114;SELL
43624.00078;43624.00078;3326;7971.51;0.001327;SELL
43624.00078;43624.00078;3327;7971.47;0.005099;SELL
43624.00079;43624.00079;3345;7971.47;0.001894;SELL
43624.00079;43624.00079;3351;7972.31;0.125352;SELL
43624.00079;43624.00079;3361;7971.47;0.113007;SELL
43624.00079;43624.00079;3362;7971.47;0.02;SELL
43624.00079;43624.00079;3363;7971.47;0.12;SELL
43624.00079;43624.00079;3364;7971.47;0.01619;SELL
43624.00079;43624.00079;3373;7971.47;0.010196;SELL
43624.00079;43624.00079;3377;7971.47;0.005972;SELL
43624.00079;43624.00079;3380;248.95;0.14614;BUY
43624.00079;43624.00079;3384;7971.47;0.011944;SELL
43624.00079;43624.00079;3398;7971.47;0.014566;SELL
43624.00079;43624.0008;3402;7974.07;0.001434;BUY
43624.0008;43624.0008;3417;7970.04;0.06103;SELL
43624.0008;43624.0008;3418;7970.04;0.005987;SELL
43624.0008;43624.0008;3425;248.89;0.12723;SELL
43624.0008;43624.0008;3430;248.89;0.373;SELL
43624.0008;43624.0008;3432;248.89;2.76494;SELL
43624.0008;43624.0008;3447;7969.75;0.01997;SELL
43624.00081;43624.00081;3480;7969.75;0.001578;SELL
43624.00081;43624.00081;3481;7969.73;0.008422;SELL
43624.00081;43624.00081;3485;248.89;1.97783;SELL
43624.00082;43624.00082;3491;248.88;2.06724;SELL
43624.00082;43624.00082;3494;248.87;5.136;SELL
43624.00082;43624.00082;3495;248.87;4.09275;SELL
43624.00082;43624.00082;3496;248.87;1.15025;SELL
43624.00082;43624.00082;3497;248.87;0.44265;SELL
43624.00082;43624.00082;3499;248.87;4.05135;SELL
43624.00082;43624.00082;3500;248.87;5.243;SELL
43624.00082;43624.00082;3501;248.87;2.47524;SELL
43624.00082;43624.00082;3511;7969.67;0.002476;SELL
43624.00082;43624.00082;3513;7972.84;0.001524;BUY
43624.00082;43624.00082;3514;7969.67;0.192524;SELL
43624.00082;43624.00082;3515;7969.62;0.39;SELL
43624.00082;43624.00082;3520;7969.31;0.005681;SELL
43624.00082;43624.00082;3522;248.92;0.04492;BUY
43624.00082;43624.00082;3523;7969.31;0.009759;SELL
43624.00082;43624.00082;3549;7969.31;0.002039;SELL
43624.00083;43624.00083;3565;248.81;0.36956;SELL
43624.00083;43624.00083;3566;248.8;2.82;SELL
43624.00083;43624.00083;3572;7968.2;0.004804;SELL
43624.00083;43624.00083;3576;7968.2;0.009758;SELL
43624.00083;43624.00083;3584;7968.2;0.001893;SELL
43624.00083;43624.00083;3587;7969.53;0.025075;BUY
43624.00083;43624.00083;3592;248.72;0.74362;SELL
43624.00083;43624.00083;3593;248.72;0.70613;SELL
43624.00083;43624.00083;3594;248.72;0.36962;SELL
43624.00083;43624.00083;3597;7968.2;0.006262;SELL
43624.00083;43624.00083;3602;248.72;0.36967;SELL
43624.00083;43624.00083;3603;248.71;5.24495;SELL
43624.00083;43624.00083;3604;248.71;1.55103;SELL
43624.00083;43624.00083;3605;7969.48;0.003882;BUY
43624.00083;43624.00083;3607;248.71;1.72253;SELL
43624.00083;43624.00083;3608;248.71;4.22044;SELL
43624.00083;43624.00083;3609;248.71;5.24495;SELL
43624.00083;43624.00083;3610;248.71;3.27356;SELL
43624.00083;43624.00083;3611;248.71;4.22044;SELL
43624.00083;43624.00083;3612;248.71;5.24495;SELL
43624.00083;43624.00083;3613;248.71;3.27356;SELL
43624.00083;43624.00083;3614;248.71;4.22044;SELL
43624.00083;43624.00083;3616;248.71;5.24495;SELL
43624.00083;43624.00083;3617;248.71;3.27356;SELL
43624.00083;43624.00083;3618;248.71;4.22044;SELL
43624.00083;43624.00083;3619;248.71;5.24495;SELL
43624.00083;43624.00083;3620;248.71;3.27356;SELL
43624.00083;43624.00083;3621;248.71;3.84183;SELL
43624.00083;43624.00083;3615;7968.2;0.025483;SELL
43624.00083;43624.00083;3624;248.72;0.36967;SELL
43624.00084;43624.00084;3633;248.7;0.3697;SELL
43624.00084;43624.00084;3642;7968.9;0.109273;SELL
43624.00084;43624.00084;3643;7968.2;0.006175;SELL
43624.00084;43624.00084;3649;7969.32;0.015748;BUY
43624.00084;43624.00084;3652;7968.18;0.001305;SELL
43624.00084;43624.00084;3653;7966.77;0.00481;SELL
43624.00084;43624.00084;3658;248.69;6.09271;SELL
43624.00084;43624.00084;3659;248.69;1.0507;SELL
43624.00084;43624.00084;3660;248.69;5.98724;SELL
43624.00084;43624.00084;3661;248.69;0.11947;SELL
43624.00084;43624.00084;3662;248.69;5.58993;SELL
43624.00084;43624.00084;3671;248.69;0.1735;SELL
43624.00084;43624.00084;3673;7966.77;0.00188;SELL
43624.00084;43624.00084;3674;7969.06;0.00148;BUY
43624.00085;43624.00085;3688;7968.85;0.113553;BUY
43624.00085;43624.00085;3693;7968.79;0.017039;BUY
43624.00085;43624.00085;3702;7966.77;0.028;SELL
43624.00085;43624.00085;3707;7966.77;0.000444;SELL
43624.00085;43624.00085;3708;7966.76;0.027942;SELL
43624.00085;43624.00085;3712;7966.76;0.075258;SELL
43624.00086;43624.00086;3746;7966.76;0.02;SELL
43624.00087;43624.00087;3755;7968.51;0.022107;BUY
43624.00087;43624.00087;3777;248.77;0.04524;BUY
43624.00087;43624.00087;3786;7968.09;0.007995;BUY
43624.00087;43624.00087;3799;7967.97;0.013032;BUY
43624.00087;43624.00087;3800;7967.98;0.023223;BUY
43624.00088;43624.00088;3802;7967.46;0.083317;BUY
43624.00088;43624.00088;3805;248.67;1.55899;SELL
43624.00088;43624.00088;3839;7966.77;0.004513;SELL
43624.00089;43624.00089;3876;248.71;0.74362;BUY
43624.00089;43624.00089;3877;248.72;2.25442;BUY
43624.00089;43624.00089;3879;7967.99;0.018446;BUY
43624.00089;43624.00089;3886;7968.01;0.001893;SELL
43624.0009;43624.0009;3889;7968.01;0.005387;SELL
43624.0009;43624.0009;3919;248.64;1.20649;SELL
43624.0009;43624.0009;3920;248.64;0.80246;SELL
43624.00091;43624.00091;3954;7968.03;0.102335;SELL
43624.00091;43624.00091;3961;7968.05;0.058367;BUY
43624.00092;43624.00092;3968;7968.09;0.00001;BUY
43624.00092;43624.00092;3969;7968.76;0.00142;BUY
43624.00092;43624.00092;3970;7968.03;0.000123;SELL
43624.00092;43624.00092;3971;7966.76;0.000021;SELL
43624.00092;43624.00092;3972;7965.06;0.007997;SELL
43624.00092;43624.00092;3973;7965.04;0.035137;SELL
43624.00092;43624.00092;3974;7965.04;0.074273;SELL
43624.00092;43624.00092;3975;7965.02;0.02322;SELL
43624.00092;43624.00092;3976;7965;0.187347;SELL
43624.00092;43624.00092;3977;7964.86;0.074273;SELL
43624.00092;43624.00092;3978;7964.27;0.002757;SELL
43624.00092;43624.00092;3979;7964.13;0.328317;SELL
43624.00092;43624.00092;3980;248.73;0.04535;BUY
43624.00093;43624.00093;4022;7964.14;0.001892;SELL
43624.00093;43624.00093;4033;7964.14;0.03318;SELL
43624.00093;43624.00093;4042;7968.05;0.007995;BUY
43624.00094;43624.00094;4106;7968.04;0.009994;BUY
43624.00094;43624.00094;4107;7968.04;0.000006;BUY
43624.00094;43624.00094;4108;7968.05;0.000002;BUY
43624.00094;43624.00094;4109;7968.07;0.009989;BUY
43624.00094;43624.00094;4114;7968.07;0.025148;BUY
43624.00094;43624.00094;4115;7968.07;0.000001;BUY
43624.00094;43624.00094;4116;7968.76;0.025146;BUY
43624.00094;43624.00094;4124;7964.18;0.001892;SELL
43624.00094;43624.00094;4125;7968.75;0.035071;BUY
43624.00094;43624.00094;4126;7968.75;0.000001;BUY
43624.00094;43624.00094;4128;7968.76;0.015526;BUY
43624.00094;43624.00094;4132;248.72;0.274;BUY
43624.00094;43624.00094;4133;7968.04;0.008553;SELL
43624.00094;43624.00094;4135;7968.04;0.000031;SELL
43624.00094;43624.00094;4143;7964.2;0.001892;SELL
43624.00094;43624.00094;4156;7964.2;0.004223;SELL
43624.00094;43624.00094;4157;7964.18;0.000781;SELL
43624.00094;43624.00095;4193;7968.7;0.001611;BUY
43624.00095;43624.00095;4232;7968.7;0.006396;BUY
43624.00095;43624.00095;4233;7968.72;0.00158;BUY
43624.00095;43624.00095;4256;7968.72;0.002516;BUY
43624.00095;43624.00095;4263;7968.72;0.015192;BUY
43624.00095;43624.00095;4264;7968.72;0.003174;BUY
43624.00095;43624.00095;4265;7968.76;0.003421;BUY
43624.00095;43624.00095;4280;7968.73;0.02321;BUY
43624.00096;43624.00096;4281;248.71;0.69551;BUY
43624.00096;43624.00096;4282;248.71;1.20449;BUY
43624.00096;43624.00096;4291;248.63;7.97283;SELL
43624.00096;43624.00096;4297;248.62;0.91688;SELL
43624.00096;43624.00096;4304;7964.37;0.023138;SELL
43624.00096;43624.00096;4305;248.67;0.24463;BUY
43624.00096;43624.00097;4310;7968.73;0.00001;BUY
43624.00096;43624.00097;4311;7968.74;0.001416;BUY
43624.00097;43624.00097;4315;248.7;0.04772;BUY
43624.00097;43624.00097;4319;248.62;0.04826;SELL
43624.00097;43624.00097;4321;248.62;6.97623;SELL
43624.00098;43624.00098;4343;7964.66;0.02323;SELL
43624.00098;43624.00098;4344;7964.66;0.00801;SELL
43624.00098;43624.00098;4345;7964.64;0.035137;SELL
43624.00098;43624.00098;4346;7964.58;0.013434;SELL
43624.00098;43624.00098;4347;7964.55;0.002658;SELL
43624.00099;43624.00099;4362;7968.66;0.007384;BUY
43624.00099;43624.00099;4364;7964.58;0.035122;SELL
43624.00099;43624.00099;4378;248.61;7.97283;SELL
43624.001;43624.001;4389;7964.6;0.030532;SELL
43624.001;43624.001;4391;7964.6;0.004606;SELL
43624.001;43624.001;4392;7964.59;0.271005;SELL
43624.001;43624.001;4393;7964.6;0.00459;SELL
43624.001;43624.001;4395;7965;0.00128;SELL
43624.001;43624.001;4396;7964.6;0.029252;SELL
43624.00101;43624.00101;4405;7968.37;0.00801;BUY
43624.00101;43624.00101;4406;7968.37;0.02323;BUY
43624.00101;43624.00101;4407;7968.48;0.137263;BUY
43624.00101;43624.00101;4408;7964.61;0.007982;SELL
43624.00101;43624.00101;4413;7964.63;0.003293;SELL
43624.00101;43624.00101;4418;7964.63;0.001893;SELL
43624.00101;43624.00101;4420;248.61;1.40599;BUY
43624.00101;43624.00101;4422;7968.34;0.001516;BUY
43624.00101;43624.00101;4426;7964.63;0.001893;SELL
43624.00102;43624.00102;4432;248.67;0.04827;BUY
43624.00102;43624.00102;4442;7964.66;0.00188;SELL
43624.00102;43624.00102;4451;7964.66;0.001893;SELL
43624.00102;43624.00102;4457;7964.66;0.001893;SELL
43624.00103;43624.00103;4459;7964.66;0.001893;SELL
43624.00103;43624.00103;4491;7964.66;0.013778;SELL
43624.00103;43624.00103;4492;7964.66;0.004339;SELL
43624.00103;43624.00103;4504;7964.66;0.001294;SELL
43624.00103;43624.00103;4508;7964.66;0.022563;SELL
43624.00105;43624.00105;4525;7965;0.001892;SELL
43624.00105;43624.00105;4536;248.57;4;BUY
43624.00105;43624.00105;4537;7968.09;0.02323;BUY
43624.00105;43624.00105;4538;7968.09;0.008009;BUY
43624.00105;43624.00105;4540;7968.11;0.035139;BUY
43624.00105;43624.00105;4541;7968.37;0.070434;BUY
43624.00105;43624.00105;4542;7968.37;0.073847;BUY
43624.00105;43624.00105;4544;7968.37;0.070434;BUY
43624.00105;43624.00105;4545;7968.37;0.073847;BUY
43624.00105;43624.00105;4546;7968.37;0.070434;BUY
43624.00105;43624.00105;4547;7968.37;0.073847;BUY
43624.00105;43624.00105;4548;7968.37;0.000102;BUY
43624.00105;43624.00105;4549;248.57;0.38031;BUY
43624.00105;43624.00105;4554;7968.36;0.119219;BUY
43624.00105;43624.00106;4556;7968.37;0.070332;BUY
43624.00105;43624.00106;4559;7968.37;0.060119;BUY
43624.00106;43624.00106;4561;248.57;0.48276;BUY
43624.00106;43624.00106;4562;248.57;0.06304;BUY
43624.00106;43624.00106;4565;248.59;2;BUY
43624.00106;43624.00106;4566;7968.18;0.004987;SELL
43624.00106;43624.00106;4568;7968.18;0.000033;SELL
43624.00106;43624.00106;4580;7967.98;0.001428;BUY
43624.00106;43624.00107;4587;248.67;0.04504;BUY
43624.00107;43624.00107;4589;7967.98;0.004409;BUY
43624.00107;43624.00107;4592;7967.14;0.099289;SELL
43624.00107;43624.00107;4593;7967.98;0.029857;BUY
43624.00107;43624.00107;4595;248.6;2;SELL
43624.00108;43624.00108;4604;248.61;1.125;BUY
43624.00108;43624.00108;4606;7965.09;0.00801;SELL
43624.00108;43624.00108;4607;7965.08;0.027104;SELL
43624.00108;43624.00108;4609;248.61;0.257;BUY
43624.00108;43624.00108;4612;7965.08;0.008022;SELL
43624.00108;43624.00108;4617;248.61;0.4759;BUY
43624.00109;43624.00109;4625;7968;0.013314;BUY
43624.00109;43624.00109;4634;7968;0.01;BUY
43624.00109;43624.00109;4635;248.62;3;BUY
43624.00109;43624.00109;4636;248.62;0.0969;BUY
43624.00109;43624.00109;4641;7968;0.001588;BUY
43624.00109;43624.00109;4652;7965.1;0.03514;SELL
43624.00109;43624.00109;4656;7965.09;0.560255;SELL
43624.00109;43624.00109;4668;7965.1;0.03514;SELL
43624.00109;43624.00109;4692;248.62;0.24893;SELL
43624.00109;43624.00109;4716;248.62;0.07514;SELL
43624.00109;43624.00109;4721;7965.1;0.008011;BUY
43624.00109;43624.00109;4722;7965.1;0.013916;BUY
43624.0011;43624.0011;4726;248.62;1;SELL
43624.0011;43624.0011;4727;7965.1;0.138982;BUY
43624.0011;43624.0011;4728;7965.1;0.231638;BUY
43624.0011;43624.0011;4732;7965.07;0.005864;SELL
43624.0011;43624.00111;4751;248.63;0.09809;SELL
43624.00111;43624.00111;4757;7966.18;0.25041;SELL
43624.00111;43624.00111;4758;7967.96;0.00801;BUY
43624.00111;43624.00111;4759;7967.98;0.027104;BUY
43624.00111;43624.00111;4760;7967.99;0.0856;BUY
43624.00111;43624.00111;4761;7968;0.00001;BUY
43624.00111;43624.00111;4762;7968.76;0.149585;BUY
43624.00111;43624.00111;4763;7968.76;0.195098;BUY
43624.00111;43624.00111;4764;7968.76;0.15868;BUY
43624.00111;43624.00111;4765;7968.75;0.001517;BUY
43624.00111;43624.00111;4778;248.7;0.0259;BUY
43624.00111;43624.00111;4779;248.73;0.02209;BUY
43624.00111;43624.00111;4783;7965.16;0.002075;SELL
43624.00112;43624.00112;4792;7965.16;0.005935;SELL
43624.00112;43624.00112;4793;248.72;0.777;BUY
43624.00112;43624.00112;4795;7965.14;0.032672;SELL
43624.00112;43624.00112;4804;7965.14;0.002465;SELL
43624.00112;43624.00112;4809;7965.14;0.035137;SELL
43624.00113;43624.00113;4820;7965.15;0.132364;SELL
43624.00113;43624.00113;4827;7968.38;0.00801;BUY
43624.00113;43624.00113;4828;7968.4;0.00449;BUY
43624.00113;43624.00113;4829;7965.14;0.000001;SELL
43624.00113;43624.00113;4830;7965.13;0.008205;SELL
43624.00114;43624.00114;4847;248.72;0.12838;BUY
43624.00114;43624.00114;4904;7967.99;0.004135;BUY
43624.00115;43624.00115;4910;248.67;0.74346;SELL
43624.00115;43624.00115;4918;248.66;0.96629;SELL
43624.00115;43624.00115;4925;7967;0.056901;BUY
43624.00116;43624.00116;5017;248.73;0.04483;BUY
43624.00117;43624.00117;5027;248.58;2.54;SELL
43624.00117;43624.00117;5028;248.56;4.80491;SELL
43624.00117;43624.00117;5029;248.55;0.62808;SELL
43624.00117;43624.00117;5049;248.59;2;BUY
43624.00117;43624.00117;5054;248.7;0.52591;BUY
43624.00117;43624.00117;5066;7965.27;0.00249;SELL
43624.00117;43624.00117;5069;7967.72;0.014603;BUY
43624.00117;43624.00117;5078;7965.27;0.017385;SELL
43624.00118;43624.00118;5105;7965.27;0.000003;SELL
43624.00118;43624.00118;5106;7965.25;0.011869;SELL
43624.00118;43624.00118;5108;7965.25;0.004209;SELL
43624.00118;43624.00118;5112;7965.26;0.004857;SELL
43624.00118;43624.00118;5116;7966.68;0.137219;SELL
43624.00118;43624.00118;5122;7967.72;0.001491;BUY
43624.00119;43624.00119;5130;7967.72;0.021958;BUY
43624.00119;43624.00119;5131;248.7;0.07614;BUY
43624.00119;43624.00119;5134;7965.27;0.007035;SELL
43624.00119;43624.00119;5139;248.62;4;SELL
43624.00119;43624.00119;5140;248.61;0.38564;SELL
43624.00119;43624.00119;5141;248.6;4.04519;SELL
43624.00119;43624.00119;5158;7965.28;0.014934;SELL
43624.0012;43624.0012;5174;7965.29;0.00188;SELL
43624.0012;43624.0012;5176;7967.72;0.032703;BUY
43624.0012;43624.0012;5177;7967.72;0.021958;BUY
43624.0012;43624.0012;5178;7965.29;0.033261;SELL
43624.0012;43624.0012;5179;7965.28;0.016829;SELL
43624.0012;43624.0012;5180;7967.72;0.100843;BUY
43624.0012;43624.0012;5184;248.62;3;SELL
43624.00121;43624.00121;5235;7967.72;0.01717;BUY
43624.00121;43624.00121;5248;7965.43;0.00801;SELL
43624.00121;43624.00121;5249;7965.43;0.018848;SELL
43624.00121;43624.00121;5259;7967.72;0.000004;BUY
43624.00121;43624.00121;5263;248.7;0.04428;BUY
43624.00121;43624.00121;5264;248.7;1.6226;BUY
43624.00121;43624.00121;5266;248.71;0.3699;BUY
43624.00121;43624.00121;5267;248.71;0.00003;BUY
43624.00121;43624.00121;5268;248.72;6.24997;BUY
43624.00121;43624.00121;5272;7968.49;0.124619;BUY
43624.00122;43624.00122;5282;7970.75;0.00801;BUY
43624.00122;43624.00122;5283;7970.77;0.01885;BUY
43624.00122;43624.00122;5284;7970.77;0.093014;BUY
43624.00122;43624.00122;5285;248.72;1.75003;BUY
43624.00122;43624.00122;5286;7971.2;0.12947;BUY
43624.00122;43624.00122;5287;7971.2;0.000004;BUY
43624.00122;43624.00122;5288;7971.2;0.002596;BUY
43624.00122;43624.00122;5291;248.73;2.18147;BUY
43624.00122;43624.00122;5292;7970.6;0.117275;BUY
43624.00122;43624.00122;5293;7971.2;0.126878;BUY
43624.00122;43624.00122;5294;7971.2;0.047787;BUY
43624.00122;43624.00122;5295;7971.2;0.081687;BUY
43624.00122;43624.00122;5296;7971.2;0.062263;BUY
43624.00122;43624.00122;5297;7971.2;0.0026;BUY
43624.00122;43624.00122;5304;7970.59;0.1099;BUY
43624.00122;43624.00122;5310;7966.7;0.004814;SELL
43624.00122;43624.00122;5337;248.73;0.05245;BUY
43624.00123;43624.00123;5346;248.73;0.72455;BUY
43624.00123;43624.00123;5348;248.73;7.223;BUY
43624.00123;43624.00123;5353;7971.39;0.002253;BUY
43624.00123;43624.00123;5356;248.74;0.05245;BUY
43624.00123;43624.00123;5360;248.73;0.11348;SELL
43624.00123;43624.00123;5361;248.73;0.11348;SELL
43624.00123;43624.00124;5375;7968.24;0.004635;SELL
43624.00124;43624.00124;5384;7968.35;0.003372;SELL
43624.00124;43624.00124;5385;7968.34;0.004371;SELL
43624.00124;43624.00124;5386;7968.32;0.011887;SELL
43624.00125;43624.00125;5411;248.76;0.30916;BUY
43624.00125;43624.00126;5446;248.73;1.59457;SELL
43624.00126;43624.00126;5447;7972.72;0.001305;BUY
43624.00126;43624.00126;5448;7972.83;0.000189;BUY
43624.00126;43624.00126;5451;7972.72;0.014918;SELL
43624.00126;43624.00126;5461;248.76;0.265;BUY
43624.00126;43624.00126;5463;7972.72;0.008268;SELL
43624.00126;43624.00126;5468;248.76;0.04801;BUY
43624.00127;43624.00127;5492;7972.75;0.165361;BUY
43624.00127;43624.00127;5508;7972.72;0.000021;SELL
43624.00128;43624.00128;5532;7972.56;0.018299;BUY
43624.00128;43624.00128;5534;248.67;2;SELL
43624.00128;43624.00129;5542;248.76;0.53992;BUY
43624.00129;43624.00129;5549;7972.49;0.007818;BUY
43624.00129;43624.00129;5550;7972.49;0.002194;BUY
43624.00129;43624.00129;5562;248.75;0.256;BUY
43624.00129;43624.00129;5563;7969.14;0.007991;SELL
43624.00129;43624.00129;5566;248.75;0.135;BUY
43624.00129;43624.00129;5567;7972.46;0.029138;BUY
43624.00129;43624.00129;5569;7969.18;0.004214;SELL
43624.0013;43624.0013;5581;248.75;1.184;BUY
43624.0013;43624.0013;5592;7969.25;0.004298;SELL
43624.0013;43624.0013;5593;7969.21;0.032659;SELL
43624.0013;43624.0013;5613;7972.46;0.001516;BUY
43624.0013;43624.0013;5618;7972.46;0.031086;BUY
43624.00131;43624.00131;5622;248.75;0.43;BUY
43624.00131;43624.00131;5624;7969.23;0.013422;SELL
43624.00131;43624.00131;5627;248.75;0.695;BUY
43624.00131;43624.00131;5628;7969.23;0.021694;SELL
43624.00131;43624.00131;5635;248.75;0.04662;BUY
43624.00131;43624.00131;5643;7971.29;0.180087;BUY
43624.00131;43624.00131;5649;248.75;1.125;BUY
43624.00131;43624.00131;5654;7969.35;0.035115;SELL
43624.00131;43624.00131;5655;248.75;0.74;BUY
43624.00132;43624.00132;5662;7969.47;0.001548;SELL
43624.00132;43624.00132;5666;248.75;0.576;BUY
43624.00132;43624.00132;5670;7969.57;0.017978;SELL
43624.00132;43624.00132;5671;7969.65;0.017142;SELL
43624.00132;43624.00132;5676;7969.66;0.034288;SELL
43624.00132;43624.00132;5678;7969.73;0.03512;SELL
43624.00132;43624.00132;5681;7969.72;0.043107;SELL
43624.00132;43624.00132;5682;7969.24;0.481119;SELL
43624.00132;43624.00132;5691;248.75;0.00062;BUY
43624.00132;43624.00132;5692;248.81;0.11098;BUY
43624.00133;43624.00133;5713;7972.43;0.007988;BUY
43624.00133;43624.00133;5720;248.81;0.13809;BUY
43624.00133;43624.00134;5739;248.75;0.78877;SELL
43624.00134;43624.00134;5753;7971;0.00247;BUY
43624.00134;43624.00134;5759;248.75;1.34634;SELL
43624.00134;43624.00134;5760;248.74;1.99059;SELL
43624.00134;43624.00134;5761;248.68;0.16828;SELL
43624.00135;43624.00135;5775;7971;0.021129;BUY
43624.00135;43624.00135;5790;7969.25;0.034919;SELL
43624.00135;43624.00135;5796;7971;0.001412;BUY
43624.00136;43624.00136;5812;7970.21;0.107747;BUY
43624.00136;43624.00136;5813;7969.27;0.0784;SELL
43624.00136;43624.00137;5830;248.7;1.35414;SELL
43624.00136;43624.00137;5831;248.69;2.21568;SELL
43624.00136;43624.00137;5832;248.67;0.36977;SELL
43624.00136;43624.00137;5833;248.66;2.8;SELL
43624.00136;43624.00137;5834;248.62;1.23387;SELL
43624.00137;43624.00137;5838;248.63;2.14368;SELL
43624.00137;43624.00137;5839;248.63;0.74419;SELL
43624.00137;43624.00137;5840;248.62;8;SELL
43624.00137;43624.00137;5841;248.6;4.4454;SELL
43624.00137;43624.00137;5842;248.58;0.61557;SELL
43624.00137;43624.00137;5871;7971;0.012702;BUY
43624.00137;43624.00137;5875;7969.25;0.00188;SELL
43624.00137;43624.00137;5877;7971;0.036782;BUY
43624.00138;43624.00138;5894;248.77;0.04666;BUY
43624.00138;43624.00138;5902;248.6;0.04212;SELL
43624.00139;43624.00139;5911;248.59;0.29952;SELL
43624.0014;43624.0014;5953;7969.27;0.015037;SELL
43624.0014;43624.0014;5959;7970.99;0.004009;BUY
43624.00141;43624.00141;5985;7970.13;0.25827;SELL
43624.00141;43624.00141;5999;248.71;0.73965;BUY
43624.00141;43624.00141;6000;248.71;0.15585;BUY
43624.00142;43624.00142;6011;7970.99;0.005991;BUY
43624.00142;43624.00142;6012;7971;0.006521;BUY
43624.00142;43624.00142;6019;7971;0.187817;BUY
43624.00142;43624.00143;6025;7971;0.00139;BUY
43624.00143;43624.00143;6037;7971;0.009761;BUY
43624.00143;43624.00143;6039;7971;0.109522;BUY
43624.00143;43624.00143;6047;7971;0.031758;BUY
43624.00143;43624.00143;6051;7971;0.001611;BUY
43624.00143;43624.00143;6054;7971;0.006235;BUY
43624.00144;43624.00144;6086;7971;0.022697;BUY
43624.00144;43624.00144;6087;7971;0.257425;BUY
43624.00144;43624.00144;6089;7971.23;0.113929;BUY
43624.00144;43624.00144;6099;248.59;0.0576;SELL
43624.00145;43624.00145;6103;7969.5;0.008;SELL
43624.00145;43624.00145;6110;7969.61;0.00163;SELL
43624.00145;43624.00145;6128;248.64;2.39266;BUY
43624.00145;43624.00145;6132;7972.41;0.008003;BUY
43624.00145;43624.00145;6133;7972.43;0.024717;BUY
43624.00145;43624.00145;6131;248.69;0.04493;BUY
43624.00146;43624.00146;6151;248.68;1.24733;BUY
43624.00146;43624.00146;6152;248.69;2.22134;BUY
43624.00146;43624.00146;6153;248.69;1.43207;BUY
43624.00149;43624.00149;6206;248.69;1.6726;BUY
43624.0015;43624.0015;6224;7970;0.008004;SELL
43624.0015;43624.0015;6227;7972.39;0.00141;BUY
43624.0015;43624.0015;6229;7972.39;0.010813;BUY
43624.0015;43624.0015;6230;7971.15;0.116508;BUY
43624.0015;43624.0015;6231;248.72;0.04517;BUY
43624.0015;43624.0015;6232;7970.01;0.006153;SELL
43624.00151;43624.00151;6258;248.72;0.09679;BUY
43624.00151;43624.00151;6260;248.62;2.10351;SELL
43624.00151;43624.00151;6261;248.61;0.36987;SELL
43624.00151;43624.00151;6262;248.61;4;SELL
43624.00151;43624.00151;6263;248.55;1.50059;SELL
43624.00152;43624.00152;6278;7972.38;0.001995;BUY
43624.00153;43624.00153;6289;7970.01;0.015731;SELL
43624.00153;43624.00153;6295;7970.01;0.01939;SELL
43624.00153;43624.00153;6296;7970.01;0.010467;SELL
43624.00153;43624.00153;6299;7970.01;0.030731;SELL
43624.00153;43624.00153;6307;7970.01;0.053878;SELL
43624.00154;43624.00154;6311;7970.01;0.001893;SELL
43624.00154;43624.00154;6314;7970.85;0.073217;BUY
43624.00154;43624.00154;6317;7970.01;0.013447;SELL
43624.00154;43624.00154;6318;248.56;0.36989;SELL
43624.00154;43624.00154;6319;248.56;2.26374;SELL
43624.00154;43624.00154;6320;248.55;0.20944;SELL
43624.00154;43624.00154;6321;248.54;0.11182;SELL
43624.00154;43624.00154;6322;248.54;0.11354;SELL
43624.00154;43624.00154;6323;248.53;0.35899;SELL
43624.00154;43624.00154;6324;248.53;0.99858;SELL
43624.00154;43624.00154;6329;248.66;0.369;BUY
43624.00154;43624.00154;6331;7970.01;0.011513;SELL
43624.00154;43624.00154;6336;248.65;4;BUY
43624.00154;43624.00154;6338;7970.01;0.124793;SELL
43624.00154;43624.00154;6339;248.65;4;BUY
43624.00154;43624.00154;6341;7970.02;0.124793;SELL
43624.00154;43624.00154;6342;248.65;4;BUY
43624.00154;43624.00154;6344;7970.02;0.124793;SELL
43624.00154;43624.00155;6346;248.65;4;BUY
43624.00155;43624.00155;6348;7970.02;0.124793;SELL
43624.00155;43624.00155;6353;7972.38;0.001512;BUY
43624.00155;43624.00155;6354;248.66;0.00095;BUY
43624.00155;43624.00155;6355;248.66;1.64505;BUY
43624.00155;43624.00155;6357;7970.02;0.051354;SELL
43624.00155;43624.00155;6361;248.68;0.04809;BUY
43624.00155;43624.00155;6371;7970.02;0.00188;SELL
43624.00155;43624.00155;6372;7972.38;0.031614;BUY
43624.00155;43624.00155;6373;7972.39;0.071601;BUY
43624.00155;43624.00155;6380;248.68;0.691;BUY
43624.00155;43624.00155;6383;7972.44;0.021554;SELL
43624.00155;43624.00156;6384;248.67;0.676;BUY
43624.00155;43624.00156;6391;7972.44;0.021085;SELL
43624.00156;43624.00156;6392;7972.58;0.001446;BUY
43624.00156;43624.00156;6405;7972.46;0.003246;SELL
43624.00157;43624.00157;6413;248.63;0.49803;SELL
43624.00157;43624.00157;6414;7972.69;0.16931;BUY
43624.00157;43624.00157;6415;7972.46;0.105492;SELL
43624.00157;43624.00157;6426;7972.44;0.008506;SELL
43624.00159;43624.00159;6472;7972.44;0.098247;SELL
43624.00159;43624.00159;6478;7972.83;0.001399;BUY
43624.0016;43624.0016;6506;7972.74;0.005;BUY
43624.0016;43624.0016;6509;248.66;0.369;BUY
43624.0016;43624.0016;6511;7972.46;0.011509;SELL
43624.00161;43624.00161;6520;7972.46;0.001713;SELL
43624.00161;43624.00161;6524;248.66;0.36997;BUY
43624.00161;43624.00161;6525;248.67;0.00046;BUY
43624.00161;43624.00161;6526;248.67;0.30157;BUY
43624.00161;43624.00161;6527;248.67;0.521;BUY
43624.00162;43624.00162;6529;7972.46;0.02096;SELL
43624.00162;43624.00162;6531;7972.46;0.016251;SELL
43624.00162;43624.00162;6536;7972.46;0.049455;SELL
43624.00162;43624.00162;6554;248.67;0.00073;BUY
43624.00162;43624.00162;6555;248.7;0.04622;BUY
43624.00164;43624.00164;6581;7972.69;0.110369;BUY
43624.00164;43624.00164;6586;248.61;0.40569;SELL
43624.00165;43624.00165;6598;7972.48;0.001893;SELL
43624.00165;43624.00165;6599;7972.48;0.077645;SELL
43624.00165;43624.00165;6600;7972.63;0.112885;BUY
43624.00165;43624.00165;6601;7972.64;0.009456;BUY
43624.00165;43624.00165;6602;7972.7;0.01;BUY
43624.00165;43624.00165;6604;7972.86;0.10754;BUY
43624.00166;43624.00166;6608;7972.48;0.000026;SELL
43624.00166;43624.00166;6609;7972.44;0.000033;SELL
43624.00166;43624.00166;6610;7970.22;0.035119;SELL
43624.00166;43624.00166;6611;7970.21;0.075024;SELL
43624.00166;43624.00166;6612;7970.09;0.25;SELL
43624.00166;43624.00166;6613;7969.65;0.008003;SELL
43624.00166;43624.00166;6614;7969.34;0.5;SELL
43624.00166;43624.00166;6615;7969.33;0.003115;SELL
43624.00166;43624.00166;6616;7969.25;0.011356;SELL
43624.00166;43624.00166;6617;7969.24;0.058271;SELL
43624.00166;43624.00166;6618;7968.98;1;SELL
43624.00166;43624.00166;6619;7968.98;0.118375;SELL
43624.00166;43624.00166;6620;7968.79;0.5;SELL
43624.00166;43624.00166;6621;7968.18;0.001305;SELL
43624.00166;43624.00166;6622;7967.96;0.150502;SELL
43624.00166;43624.00166;6623;7967.94;0.150498;SELL
43624.00166;43624.00166;6624;7967.94;0.150498;SELL
43624.00166;43624.00166;6625;7967.79;0.5;SELL
43624.00166;43624.00166;6626;7967.6;0.191;SELL
43624.00166;43624.00166;6627;7966.71;0.281451;SELL
43624.00166;43624.00166;6628;7966.71;0.281451;SELL
43624.00166;43624.00166;6629;7966.71;0.281451;SELL
43624.00166;43624.00166;6630;7966.71;0.281451;SELL
43624.00166;43624.00166;6631;7966.71;0.274046;SELL
43624.00166;43624.00166;6632;7966.7;0.495186;SELL
43624.00166;43624.00166;6633;7966.7;0.000045;SELL
43624.00166;43624.00166;6635;248.6;2.29823;SELL
43624.00166;43624.00166;6636;248.6;0.20112;SELL
43624.00166;43624.00166;6640;248.57;0.36996;SELL
43624.00166;43624.00166;6659;7970.31;0.0759;BUY
43624.00166;43624.00166;6662;7972.2;0.029028;BUY
43624.00167;43624.00167;6665;7972.19;0.009915;BUY
43624.00167;43624.00167;6667;7972.13;0.001437;BUY
43624.00167;43624.00167;6669;248.57;0.53357;BUY
43624.00169;43624.00169;6693;7970.74;0.157126;BUY
43624.00169;43624.00169;6705;248.53;4.19438;BUY
43624.00169;43624.00169;6706;248.56;0.99278;BUY
43624.00169;43624.0017;6709;248.65;0.0442;BUY
43624.0017;43624.0017;6713;7968.54;0.017347;SELL
43624.0017;43624.0017;6714;7968.53;0.035128;SELL
43624.0017;43624.0017;6715;7968.26;0.414276;SELL
43624.0017;43624.0017;6716;7970.73;0.0504;BUY
43624.0017;43624.0017;6717;248.65;0.41007;BUY
43624.00171;43624.00171;6738;7968.53;0.024171;SELL
43624.00171;43624.00171;6744;7968.53;0.01092;SELL
43624.00172;43624.00172;6754;7971.47;0.001451;BUY
43624.00172;43624.00172;6770;7970.15;0.104754;BUY
43624.00173;43624.00173;6777;7968.53;0.00188;SELL
43624.00173;43624.00173;6797;7971.39;0.004167;BUY
43624.00173;43624.00173;6798;7971.38;0.024175;BUY
43624.00174;43624.00174;6801;7971.37;0.030961;BUY
43624.00174;43624.00174;6802;7971.38;0.094974;BUY
43624.00174;43624.00174;6803;7971.41;0.02;BUY
43624.00174;43624.00174;6804;7971.56;0.028853;BUY
43624.00174;43624.00174;6829;7968.62;0.009901;SELL
43624.00174;43624.00174;6831;7968.62;0.013219;SELL
43624.00174;43624.00174;6832;7968.6;0.067334;SELL
43624.00174;43624.00174;6833;7968.58;0.028273;SELL
43624.00174;43624.00174;6834;7968.58;0.085486;SELL
43624.00174;43624.00174;6835;248.64;0.04757;BUY
43624.00175;43624.00175;6858;7968.61;0.035092;SELL
43624.00175;43624.00175;6861;7970.26;0.042904;SELL
43624.00176;43624.00176;6862;248.6;3.86155;BUY
43624.00176;43624.00176;6868;7968.72;0.001403;SELL
43624.00176;43624.00176;6880;7971.49;0.001488;BUY
43624.00178;43624.00178;6928;7971.51;0.035125;BUY
43624.00178;43624.00178;6929;7971.52;0.00966;BUY
43624.00178;43624.00178;6943;7969.07;0.035125;SELL
43624.00178;43624.00178;6944;7969.06;0.071294;SELL
43624.00178;43624.00178;6957;7971.52;0.011661;BUY
43624.00178;43624.00178;6960;7971.5;0.01166;BUY
43624.00179;43624.00179;6976;7969.08;0.031164;SELL
43624.00179;43624.00179;6985;7969.72;0.136211;BUY
43624.00179;43624.00179;7003;248.63;0.04672;BUY
43624.00179;43624.00179;7008;7970;0.010748;SELL
43624.0018;43624.0018;7023;248.63;0.67969;BUY
43624.0018;43624.0018;7029;7970;0.000546;SELL
43624.0018;43624.0018;7038;7971.49;0.001894;BUY
43624.00181;43624.00181;7059;7971.46;0.035125;BUY
43624.00181;43624.00181;7060;7971.47;0.045493;BUY
43624.00181;43624.00181;7061;7972.48;0.000696;BUY
43624.00182;43624.00182;7085;7970.86;0.105635;SELL
43624.00183;43624.00183;7097;7971.7;0.009423;BUY
43624.00183;43624.00183;7104;7970.26;0.001478;SELL
43624.00183;43624.00183;7111;248.6;2.25554;BUY
43624.00183;43624.00183;7112;248.58;0.76412;SELL
43624.00183;43624.00183;7129;7971.7;0.002919;BUY
43624.00183;43624.00183;7133;248.63;0.08972;BUY
43624.00184;43624.00184;7140;7971.7;0.001459;BUY
43624.00185;43624.00185;7171;7971.68;0.046328;BUY
43624.00185;43624.00185;7172;7971.7;0.003842;BUY
43624.00185;43624.00185;7173;7971.7;0.023321;BUY
43624.00185;43624.00185;7174;7971.71;0.051741;BUY
43624.00185;43624.00185;7176;7971.71;0.003447;BUY
43624.00186;43624.00186;7216;7972.48;0.01;BUY
43624.00186;43624.00186;7224;7970.26;0.000009;SELL
43624.00186;43624.00186;7225;7970.2;0.019566;SELL
43624.00186;43624.00187;7265;248.66;0.04508;BUY
43624.00188;43624.00188;7338;7972.45;0.019565;BUY
43624.00188;43624.00188;7339;7972.46;0.041191;BUY
43624.00188;43624.00188;7340;7972.48;0.000662;BUY
43624.00188;43624.00188;7341;7972.72;0.001305;BUY
43624.00188;43624.00188;7342;7972.86;0.002183;BUY
43624.00189;43624.00189;7344;7972.86;0.000179;BUY
43624.00189;43624.00189;7371;7971.68;0.193457;BUY
43624.0019;43624.0019;7385;7970.45;0.00149;SELL
43624.0019;43624.0019;7386;7970.43;0.004152;SELL
43624.0019;43624.0019;7387;7970.4;0.02891;SELL
43624.0019;43624.0019;7401;248.63;1.13729;SELL
43624.0019;43624.0019;7402;248.57;0.39942;SELL
43624.0019;43624.0019;7407;7970.29;0.00188;SELL
43624.00191;43624.00191;7414;7973.7;0.001428;BUY
43624.00191;43624.00191;7427;7973.6;0.008655;BUY
43624.00192;43624.00192;7446;7973.51;0.01237;BUY
43624.00192;43624.00192;7447;7973.51;0.002146;BUY
43624.00192;43624.00192;7463;7973.42;0.02382;BUY
43624.00192;43624.00192;7465;7973.42;0.001611;BUY
43624.00192;43624.00192;7469;7971.46;0.019088;SELL
43624.00193;43624.00193;7487;7970.22;0.01961;SELL
43624.00194;43624.00194;7490;7973.32;0.003436;BUY
43624.00194;43624.00194;7491;248.63;0.04429;BUY
43624.00194;43624.00194;7503;7973.31;0.002423;BUY
43624.00194;43624.00194;7504;7973.33;0.000577;BUY
43624.00195;43624.00195;7510;7970.47;0.005577;SELL
43624.00195;43624.00195;7516;7970.52;0.014688;SELL
43624.00195;43624.00195;7520;7973.28;0.002005;BUY
43624.00195;43624.00195;7521;248.59;0.1513;SELL
43624.00195;43624.00195;7526;248.59;0.21858;SELL
43624.00195;43624.00195;7527;248.63;1.69577;BUY
43624.00196;43624.00196;7547;7970.56;0.023921;SELL
43624.00197;43624.00197;7589;7973.09;0.03454;BUY
43624.00197;43624.00197;7590;7973.1;0.113544;BUY
43624.00197;43624.00197;7591;7973.1;0.003572;BUY
43624.00197;43624.00197;7592;7973.12;0.035538;BUY
43624.00197;43624.00197;7593;7974.57;0.013456;BUY
43624.00198;43624.00198;7601;7970.56;0.000009;SELL
43624.00198;43624.00198;7602;7970.55;0.035117;SELL
43624.00198;43624.00198;7603;7970.03;0.008004;SELL
43624.00198;43624.00198;7604;7970.01;0.0125;SELL
43624.00198;43624.00198;7605;7969.83;0.076109;SELL
43624.00198;43624.00198;7611;7974.42;0.001411;BUY
43624.00198;43624.00198;7616;7973;0.116346;BUY
43624.00199;43624.00199;7617;248.68;0.04749;BUY
43624.002;43624.002;7634;7971.71;0.0028;BUY
43624.002;43624.002;7635;7974.25;0.008004;BUY
43624.002;43624.002;7636;7974.27;0.004136;BUY
43624.002;43624.002;7637;7974.28;0.075476;BUY
43624.002;43624.002;7640;7974.28;0.0028;BUY
43624.002;43624.002;7641;7974.28;0.002786;BUY
43624.00201;43624.00201;7674;7972.07;0.119831;SELL
43624.00201;43624.00201;7675;7971.94;0.008003;SELL
43624.00201;43624.00201;7676;7971.93;0.023209;SELL
43624.00201;43624.00201;7677;7971.91;0.035105;SELL
43624.00201;43624.00201;7678;7971.9;0.114311;SELL
43624.00201;43624.00201;7679;7971.59;1;SELL
43624.00201;43624.00201;7680;7971.38;0.5;SELL
43624.00201;43624.00201;7681;7970.85;0.919987;SELL
43624.00201;43624.00201;7683;7970.98;0.018362;SELL
43624.00201;43624.00201;7685;7970.58;0.035105;SELL
43624.00201;43624.00201;7686;7970.57;0.06636;SELL
43624.00202;43624.00202;7701;7970.58;0.0351;SELL
43624.00202;43624.00202;7705;7970.58;0.000005;SELL
43624.00202;43624.00202;7706;7970.58;0.004614;SELL
43624.00202;43624.00202;7707;7970.59;0.004612;SELL
43624.00202;43624.00202;7709;7975.41;0.008003;BUY
43624.00202;43624.00202;7710;7975.41;0.042397;BUY
43624.00202;43624.00202;7711;7973.16;0.077547;SELL
43624.00202;43624.00202;7712;7970.59;0.027203;SELL
43624.00203;43624.00203;7720;7970.6;0.008004;SELL
43624.00203;43624.00203;7721;7970.59;0.003292;SELL
43624.00203;43624.00203;7722;7970.58;0.002626;SELL
43624.00203;43624.00203;7729;7974.74;0.001515;BUY
43624.00203;43624.00203;7730;248.61;3.38536;BUY
43624.00203;43624.00203;7731;248.59;1.12037;SELL
43624.00203;43624.00203;7738;248.65;0.0451;BUY
43624.00205;43624.00205;7792;7973.61;0.003391;BUY
43624.00205;43624.00205;7793;7973.54;0.092367;BUY
43624.00205;43624.00205;7794;7973.55;0.115866;BUY
43624.00205;43624.00205;7795;7973.61;0.019818;BUY
43624.00205;43624.00205;7796;7974.15;0.113759;BUY
43624.00205;43624.00205;7797;7974.17;0.151705;BUY
43624.00205;43624.00205;7798;7974.17;0.151705;BUY
43624.00205;43624.00205;7799;7974.17;0.151705;BUY
43624.00205;43624.00205;7800;7974.17;0.151705;BUY
43624.00205;43624.00205;7801;7974.17;0.05137;BUY
43624.00205;43624.00205;7803;248.64;1.40042;BUY
43624.00206;43624.00206;7804;7973.43;0.008;BUY
43624.00206;43624.00206;7812;7973.43;0.000004;BUY
43624.00206;43624.00206;7813;7973.45;0.018801;BUY
43624.00206;43624.00206;7814;7973.45;0.004239;BUY
43624.00206;43624.00206;7815;7973.47;0.002076;BUY
43624.00206;43624.00206;7816;7974.17;0.01249;BUY
43624.00206;43624.00206;7817;7974.17;0.008;BUY
43624.00206;43624.00206;7826;7972.22;0.025573;SELL
43624.00206;43624.00206;7827;7970.86;0.008004;SELL
43624.00206;43624.00206;7828;7970.84;0.035113;SELL
43624.00206;43624.00206;7829;7970.83;0.018296;SELL
43624.00207;43624.00207;7831;7974.13;0.008004;BUY
43624.00207;43624.00207;7832;7974.14;0.014894;BUY
43624.00208;43624.00208;7850;7974.11;0.001479;BUY
43624.00208;43624.00208;7855;7971.23;0.00188;SELL
43624.00208;43624.00208;7867;248.65;0.04545;BUY
43624.00208;43624.00208;7869;248.63;0.25799;SELL
43624.00208;43624.00208;7870;248.58;1.97722;SELL
43624.00209;43624.00209;7886;7974.07;0.003769;BUY
43624.0021;43624.0021;7894;248.65;1.31284;BUY
43624.0021;43624.0021;7896;248.68;0.71426;BUY
43624.00212;43624.00212;7951;248.58;0.04426;SELL
43624.00213;43624.00213;7966;248.67;0.04647;BUY
43624.00216;43624.00216;8036;248.59;0.63235;SELL
43624.00216;43624.00216;8040;248.61;0.63905;BUY
43624.00216;43624.00216;8058;248.64;0.105;BUY
43624.00216;43624.00216;8081;248.57;2.30836;SELL
43624.00217;43624.00217;8106;248.56;0.16936;SELL
43624.00218;43624.00218;8123;248.56;0.16935;SELL
43624.00218;43624.00218;8134;248.61;0.04621;BUY
43624.00218;43624.00218;8137;248.52;0.08;SELL
43624.00219;43624.00219;8151;248.52;2.06224;SELL
43624.00219;43624.00219;8152;248.51;0.37002;SELL
43624.00219;43624.00219;8153;248.5;6.25;SELL
43624.00219;43624.00219;8154;248.5;1.23402;SELL
43624.00219;43624.00219;8177;248.5;0.25593;SELL
43624.00222;43624.00222;8257;248.55;1.33791;BUY
43624.00222;43624.00222;8258;248.55;0.37562;BUY
43624.00223;43624.00223;8278;248.58;0.04818;BUY
43624.00226;43624.00226;8329;248.58;1.2897;BUY
43624.00226;43624.00226;8334;248.58;0.00003;BUY
43624.00226;43624.00226;8337;248.59;2.14196;BUY
43624.00228;43624.00228;8384;248.65;0.04756;BUY
43624.00229;43624.00229;8403;248.61;1.59693;SELL
43624.00229;43624.00229;8404;248.59;0.35156;SELL
43624.00229;43624.00229;8419;248.56;0.04378;SELL
43624.00233;43624.00233;8490;248.59;0.04807;BUY
43624.00236;43624.00236;8558;248.55;0.14724;BUY
43624.00238;43624.00238;8572;248.54;0.0457;BUY
43624.00239;43624.00239;8583;248.5;1.05181;SELL
43624.00239;43624.00239;8584;248.5;0.13534;SELL
43624.00239;43624.00239;8585;248.49;0.37014;SELL
43624.00239;43624.00239;8586;248.48;0.14086;SELL
43624.00239;43624.00239;8587;248.46;0.09291;SELL
43624.00239;43624.00239;8588;248.45;0.43201;SELL
43624.00239;43624.00239;8589;248.45;0.11354;SELL
43624.00239;43624.00239;8590;248.44;0.06301;SELL
43624.00239;43624.00239;8591;248.44;5.58103;SELL
43624.00239;43624.00239;8594;248.45;2.19263;SELL
43624.00239;43624.00239;8595;248.52;0.45786;BUY
43624.00241;43624.00241;8618;248.46;0.9737;SELL
43624.00245;43624.00245;8738;248.49;0.04422;BUY
43624.00246;43624.00246;8756;248.42;0.409;SELL
43624.0025;43624.0025;8833;248.43;0.08013;BUY
43624.00252;43624.00252;8864;248.43;0.0469;BUY
43624.00257;43624.00257;8949;248.43;0.04551;BUY
43624.0026;43624.0026;9032;248.47;0.08;BUY
43624.00262;43624.00262;9055;248.47;0.04517;BUY
43624.00263;43624.00263;9078;248.44;3.96983;BUY
43624.00263;43624.00263;9079;248.46;0.92077;BUY
43624.00265;43624.00265;9106;248.47;0.33639;BUY
43624.00267;43624.00267;9130;248.47;0.04736;BUY
43624.00267;43624.00267;9143;248.44;1.519;SELL
43624.00267;43624.00267;9152;248.44;0.207;SELL
43624.00268;43624.00268;9173;248.47;1.42945;BUY
43624.00269;43624.00269;9196;248.5;1;BUY
43624.0027;43624.0027;9202;248.45;4;SELL
43624.0027;43624.0027;9203;248.44;0.00073;SELL
43624.0027;43624.0027;9204;248.43;5;SELL
43624.0027;43624.0027;9205;248.42;0.00021;SELL
43624.0027;43624.0027;9206;248.41;0.04167;SELL
43624.0027;43624.0027;9207;248.4;0.1;SELL
43624.0027;43624.0027;9210;248.4;253;BUY
43624.0027;43624.0027;9211;248.4;0.49265;BUY
43624.00273;43624.00273;9258;248.42;0.55031;SELL
43624.00274;43624.00274;9268;248.54;0.04451;BUY
43624.00274;43624.00275;9274;248.42;0.37016;SELL
43624.00274;43624.00275;9275;248.41;2.15555;SELL
43624.00274;43624.00275;9276;248.41;5.45622;SELL
43624.00278;43624.00278;9315;248.42;2.35288;SELL
43624.00279;43624.00279;9338;248.5;0.0449;BUY
43624.00282;43624.00282;9361;248.44;1.42107;SELL
43624.00282;43624.00282;9362;248.4;2.06201;SELL
43624.00282;43624.00282;9366;248.42;0.261;BUY
43624.00283;43624.00283;9389;248.42;0.01403;BUY
43624.00284;43624.00284;9399;248.47;0.04561;BUY
43624.00284;43624.00284;9410;248.41;4;SELL
43624.00284;43624.00284;9411;248.41;2.31842;SELL
43624.00284;43624.00284;9412;248.4;0.89248;SELL
43624.00287;43624.00287;9507;248.46;0.32217;BUY
43624.00287;43624.00287;9509;248.43;1.88386;SELL
43624.00289;43624.00289;9542;248.46;0.04504;BUY
43624.00292;43624.00292;9578;248.47;1.68709;BUY
43624.00293;43624.00293;9594;248.38;0.72457;SELL
43624.00293;43624.00293;9595;248.38;0.10908;SELL
43624.00294;43624.00294;9624;248.46;0.40191;BUY
43624.00295;43624.00295;9634;248.42;3.50356;BUY
43624.00295;43624.00295;9635;248.4;0.86928;SELL
43624.00296;43624.00296;9641;248.45;0.04511;BUY
43624.00297;43624.00297;9661;248.44;0.18362;SELL
43624.00298;43624.00298;9697;248.43;0.13543;BUY
43624.003;43624.003;9731;248.39;1.46425;BUY
43624.003;43624.003;9743;248.41;0.1269;BUY
43624.00303;43624.00303;9864;248.41;0.04635;BUY
43624.00304;43624.00304;9885;248.41;0.07364;BUY
43624.00304;43624.00304;9886;248.42;0.02636;BUY
43624.00304;43624.00304;9887;248.42;0.06211;BUY
43624.00306;43624.00306;9927;248.37;0.11354;SELL
43624.00306;43624.00306;9928;248.37;0.37914;SELL
43624.00307;43624.00307;9962;248.37;1.7701;SELL
43624.00307;43624.00307;9973;248.4;1.14794;BUY
43624.00307;43624.00307;9974;248.39;1.71507;SELL
43624.00308;43624.00308;9993;248.4;0.04663;BUY
43624.00308;43624.00308;9994;248.37;0.00004;SELL
43624.00308;43624.00308;10025;248.34;1.081;SELL
43624.00309;43624.00309;10043;248.35;0.66;SELL
43624.00309;43624.00309;10044;248.35;0.3083;SELL
43624.00309;43624.00309;10051;248.34;0.00025;SELL
43624.0031;43624.0031;10054;248.32;0.37;SELL
43624.0031;43624.0031;10089;248.32;0.00029;SELL
43624.00311;43624.00311;10145;248.31;0.12615;SELL
43624.00311;43624.00311;10146;248.29;0.12575;SELL
43624.00311;43624.00311;10147;248.29;5.772;SELL
43624.00311;43624.00311;10160;248.29;5.2028;SELL
43624.00311;43624.00311;10161;248.28;0.11354;SELL
43624.00311;43624.00311;10162;248.28;0.06056;SELL
43624.00311;43624.00311;10187;248.31;0.37254;BUY
43624.00312;43624.00312;10206;248.24;0.25675;SELL
43624.00312;43624.00312;10209;248.3;1.21044;BUY
43624.00312;43624.00312;10220;248.29;0.1;BUY
43624.00313;43624.00313;10236;248.29;0.045;BUY
43624.00313;43624.00313;10240;248.28;1.06544;BUY
43624.00313;43624.00313;10241;248.29;0.88736;BUY
43624.00314;43624.00314;10259;248.27;4.22313;BUY
43624.00315;43624.00315;10290;248.29;0.3391;BUY
43624.00317;43624.00317;10401;248.27;0.4028;SELL
43624.00318;43624.00319;10452;248.26;0.35;SELL
43624.00319;43624.00319;10479;248.26;1.0465;SELL
43624.00319;43624.00319;10484;248.26;0.0011;SELL
43624.0032;43624.0032;10513;248.21;0.05139;SELL
43624.0032;43624.0032;10541;248.26;0.04635;BUY
43624.00321;43624.00321;10581;248.23;0.79254;SELL
43624.00321;43624.00321;10582;248.25;1.94359;BUY
43624.00321;43624.00321;10587;248.26;0.22063;BUY
43624.00321;43624.00321;10594;248.22;0.11121;SELL
43624.00321;43624.00321;10602;248.26;6.04492;BUY
43624.00322;43624.00322;10632;248.28;2.24612;SELL
43624.00322;43624.00322;10633;248.27;1.49888;SELL
43624.00322;43624.00322;10634;248.27;7.169;SELL
43624.00322;43624.00322;10642;248.27;10.7;SELL
43624.00322;43624.00322;10661;248.27;6.955;SELL
43624.00325;43624.00325;10764;248.3;0.1;SELL
43624.00325;43624.00325;10772;248.29;0.04815;BUY
43624.00325;43624.00325;10799;248.29;0.72161;BUY
43624.00326;43624.00326;10813;248.32;2.28957;SELL
43624.00326;43624.00326;10831;248.36;0.04832;BUY
43624.00328;43624.00328;10883;248.38;0.14231;BUY
43624.0033;43624.0033;10931;248.37;0.04495;BUY
43624.00331;43624.00331;10966;248.27;1.3996;SELL
43624.00331;43624.00331;10979;248.37;2.09334;BUY
43624.00331;43624.00331;10998;248.38;1.5399;BUY
43624.00333;43624.00333;11082;248.45;0.3704;BUY
43624.00334;43624.00334;11086;248.36;0.37016;SELL
43624.00334;43624.00334;11096;248.36;0.00001;SELL
43624.00334;43624.00334;11097;248.36;0.36947;SELL
43624.00334;43624.00334;11103;248.38;0.042;SELL
43624.00335;43624.00335;11137;248.4;0.256;SELL
43624.00335;43624.00335;11140;248.45;4;BUY
43624.00336;43624.00336;11151;248.44;0.69791;SELL
43624.00337;43624.00337;11176;248.48;0.04783;BUY
43624.0034;43624.0034;11282;248.43;0.3649;SELL
43624.0034;43624.0034;11284;248.46;2.16318;BUY
43624.00341;43624.00341;11295;248.43;2.0487;SELL
43624.00341;43624.00341;11296;248.42;1.1872;SELL
43624.00341;43624.00341;11297;248.38;0.7541;SELL
43624.00341;43624.00341;11310;248.38;5.14971;BUY
43624.00341;43624.00341;11321;248.37;1.11786;SELL
43624.00341;43624.00341;11322;248.37;1.15614;SELL
43624.00342;43624.00342;11348;248.37;2.84383;SELL
43624.00344;43624.00344;11394;248.44;0.0483;BUY
43624.00345;43624.00345;11416;248.44;0.2075;BUY
43624.00345;43624.00345;11417;248.44;2.31104;BUY
43624.00345;43624.00345;11418;248.44;3.99946;BUY
43624.00345;43624.00345;11449;248.38;0.37013;SELL
43624.00346;43624.00346;11462;248.4;0.29602;SELL
43624.00348;43624.00348;11531;248.47;4;BUY
43624.00349;43624.00349;11540;248.47;0.28938;BUY
43624.00349;43624.00349;11556;248.49;0.048;BUY
43624.00349;43624.00349;11558;248.45;0.06961;SELL
43624.00351;43624.00351;11635;248.42;0.37023;SELL
43624.00351;43624.00351;11636;248.41;0.49171;SELL
43624.00355;43624.00355;11678;248.48;4.49681;BUY
43624.00355;43624.00355;11679;248.42;0.48726;SELL
43624.00355;43624.00355;11728;248.41;1.0672;SELL
43624.00355;43624.00355;11729;248.36;0.32812;SELL
43624.00356;43624.00356;11798;248.48;0.04602;BUY
43624.00358;43624.00358;11856;248.41;0.96166;BUY
43624.0036;43624.0036;11948;248.38;0.13886;SELL
43624.00363;43624.00363;12028;248.46;2.16092;BUY
43624.00363;43624.00363;12029;248.46;3.84508;BUY
43624.00363;43624.00363;12035;248.47;0.04845;BUY
43624.00365;43624.00365;12102;248.46;1.67372;BUY
43624.00368;43624.00368;12166;248.51;8;BUY
43624.00368;43624.00368;12178;248.52;0.04722;BUY
43624.00369;43624.00369;12188;248.46;4;SELL
43624.00369;43624.00369;12189;248.46;13;SELL
43624.00369;43624.00369;12190;248.45;6.313;SELL
43624.00369;43624.00369;12191;248.45;1.07;SELL
43624.00369;43624.00369;12192;248.44;2.15424;SELL
43624.00369;43624.00369;12193;248.43;4.81315;SELL
43624.00369;43624.00369;12194;248.43;4.47771;SELL
43624.00369;43624.00369;12200;248.52;0.32301;BUY
43624.00369;43624.00369;12201;248.53;0.03664;BUY
43624.00369;43624.00369;12229;248.53;7.96336;BUY
43624.00369;43624.00369;12239;248.47;0.66433;SELL
43624.00373;43624.00373;12371;248.54;8;BUY
43624.00373;43624.00373;12382;248.62;0.04614;BUY
43624.00373;43624.00373;12383;248.62;0.05;BUY
43624.00374;43624.00374;12390;248.53;0.0616;SELL
43624.00374;43624.00374;12391;248.52;1.25497;SELL
43624.00374;43624.00374;12403;248.52;0.87772;SELL
43624.00374;43624.00374;12404;248.6;0.07363;BUY
43624.00374;43624.00375;12405;248.51;0.37001;SELL
43624.00374;43624.00375;12407;248.5;0.15662;SELL
43624.00375;43624.00375;12414;248.54;0.05931;SELL
43624.00378;43624.00378;12479;248.55;1.78971;SELL
43624.00378;43624.00378;12488;248.59;0.04841;BUY
43624.00379;43624.00379;12537;248.58;0.1;BUY
43624.00379;43624.00379;12538;248.58;1.39437;BUY
43624.00379;43624.00379;12539;248.59;14;BUY
43624.00379;43624.00379;12540;248.59;6.60563;BUY
43624.00382;43624.00382;12661;248.61;0.073;BUY
43624.00382;43624.00383;12676;248.6;0.45488;SELL
43624.00383;43624.00383;12691;248.6;0.04828;SELL
43624.00383;43624.00383;12697;248.61;0.00063;BUY
43624.00383;43624.00383;12698;248.63;0.04491;BUY
43624.00383;43624.00383;12711;248.6;1.10336;SELL
43624.00383;43624.00383;12714;248.6;0.86596;SELL
43624.00384;43624.00384;12758;248.62;4.23809;BUY
43624.0039;43624.0039;12986;248.7;2.43098;SELL
43624.0039;43624.0039;12987;248.65;1.09415;SELL
43624.0039;43624.0039;12994;248.73;0.0481;BUY
43624.00391;43624.00391;13037;248.66;0.23884;SELL
43624.00392;43624.00392;13049;248.66;1.96243;SELL
43624.00392;43624.00392;13050;248.65;1.39071;SELL
43624.00393;43624.00393;13111;248.65;0.57872;SELL
43624.00394;43624.00394;13145;248.73;0.0801;BUY
43624.00394;43624.00394;13162;248.73;0.0459;BUY
43624.00394;43624.00394;13172;248.67;0.22883;SELL
43624.00394;43624.00394;13176;248.67;0.96578;SELL
43624.00395;43624.00395;13189;248.68;6.31283;SELL
43624.00395;43624.00395;13216;248.74;0.04426;BUY
43624.00397;43624.00397;13246;248.74;0.08017;BUY
43624.00397;43624.00397;13255;248.76;0.3699;BUY
43624.004;43624.004;13429;248.8;0.04595;BUY
43624.004;43624.004;13439;248.74;0.40591;SELL
43624.004;43624.004;13445;248.8;0.37178;BUY
43624.004;43624.004;13450;248.74;1.032;SELL
43624.004;43624.004;13451;248.76;1.36941;BUY
43624.00402;43624.00402;13494;248.73;0.04965;SELL
43624.00402;43624.00402;13499;248.73;0.2192;SELL
43624.00402;43624.00402;13505;248.73;0.0534;SELL
43624.00404;43624.00404;13542;248.74;6.313;SELL
43624.00404;43624.00404;13543;248.73;1.687;SELL
43624.00404;43624.00404;13544;248.73;4.30375;SELL
43624.00404;43624.00404;13545;248.73;1.07;SELL
43624.00404;43624.00404;13546;248.73;0.62625;SELL
43624.00404;43624.00405;13603;248.69;0.69142;SELL
43624.00404;43624.00405;13604;248.68;0.34464;SELL
43624.00407;43624.00407;13665;248.74;0.04805;BUY
43624.00408;43624.00408;13684;248.68;2.02787;BUY
43624.00408;43624.00408;13685;248.74;1.33083;BUY
43624.0041;43624.0041;13775;248.81;0.3;BUY
43624.00411;43624.00411;13841;248.81;1.60112;BUY
43624.00411;43624.00411;13845;248.83;0.6914;BUY
43624.00411;43624.00411;13846;248.83;0.00005;BUY
43624.00411;43624.00411;13848;248.83;0.87711;SELL
43624.00412;43624.00412;13890;248.86;0.04715;BUY
43624.00412;43624.00412;13895;248.86;6.25;BUY
43624.00413;43624.00413;13923;248.86;10;BUY
43624.00413;43624.00413;13932;248.85;0.3794;SELL
43624.00413;43624.00413;13941;248.85;0.3906;BUY
43624.00413;43624.00413;13943;248.84;0.35085;SELL
43624.00413;43624.00413;13946;248.84;0.39;SELL
43624.00413;43624.00413;13947;248.84;0.35085;SELL
43624.00413;43624.00414;13955;248.84;0.35085;SELL
43624.00414;43624.00414;13959;248.86;1.155;BUY
43624.00414;43624.00414;13961;248.86;1.07;BUY
43624.00414;43624.00414;13969;248.84;3.22518;SELL
43624.00414;43624.00414;13970;248.84;1.64527;SELL
43624.00414;43624.00414;13971;248.84;1.07;SELL
43624.00414;43624.00414;13972;248.83;0.89484;SELL
43624.00414;43624.00414;13973;248.86;1.154;BUY
43624.00414;43624.00414;13988;248.85;2.49207;BUY
43624.00414;43624.00414;13989;248.86;0.598;BUY
43624.00414;43624.00415;13991;248.84;0.60887;SELL
43624.00415;43624.00415;13999;248.84;0.08228;SELL
43624.00415;43624.00415;14000;248.84;0.14138;SELL
43624.00416;43624.00416;14048;248.85;0.22367;SELL
43624.00417;43624.00417;14054;248.85;0.671;SELL
43624.00417;43624.00417;14058;248.85;5.41833;SELL
43624.00417;43624.00417;14059;248.84;0.92862;SELL
43624.00417;43624.00417;14060;248.84;1.07;SELL
43624.00417;43624.00417;14061;248.84;0.55188;SELL
43624.00418;43624.00418;14084;248.88;0.42426;BUY
43624.00418;43624.00418;14085;248.85;1.41562;SELL
43624.00419;43624.00419;14110;248.85;0.66714;BUY
43624.00419;43624.00419;14112;248.85;0.22321;SELL
43624.00419;43624.00419;14119;248.85;3;SELL
43624.00419;43624.00419;14120;248.89;0.04755;BUY
43624.00419;43624.00419;14124;248.85;0.28265;SELL
43624.00419;43624.00419;14125;248.84;2.50721;SELL
43624.0042;43624.0042;14150;248.84;0.66961;SELL
43624.00421;43624.00421;14174;248.84;0.0603;SELL
43624.00421;43624.00421;14176;248.84;0.22279;SELL
43624.00422;43624.00422;14242;248.84;2;SELL
43624.00422;43624.00422;14245;248.84;0.30121;SELL
43624.00422;43624.00422;14252;248.84;0.288;BUY
43624.00424;43624.00424;14304;248.84;0.00002;BUY
43624.00424;43624.00424;14305;248.93;0.04633;BUY
43624.00426;43624.00426;14376;248.9;1.0777;SELL
43624.00426;43624.00426;14379;248.84;0.35535;SELL
43624.00428;43624.00428;14408;248.84;0.67477;SELL
43624.00428;43624.00428;14429;248.93;0.96964;BUY
43624.00428;43624.00428;14430;248.94;0.4092;BUY
43624.00428;43624.00428;14431;248.94;0.00001;BUY
43624.00429;43624.00429;14458;248.96;0.04614;BUY
43624.00429;43624.00429;14469;248.96;4.95386;BUY
43624.0043;43624.0043;14481;248.96;0.04664;SELL
43624.00431;43624.00431;14515;248.98;0.67529;SELL
43624.00432;43624.00432;14528;248.98;0.53583;SELL
43624.00433;43624.00434;14614;248.89;0.22476;SELL
43624.00435;43624.00435;14675;248.91;0.6615;SELL
43624.00435;43624.00435;14682;248.91;0.2205;SELL
43624.00435;43624.00435;14683;248.98;0.24729;BUY
43624.00435;43624.00436;14707;249.02;0.69115;BUY
43624.00435;43624.00436;14708;249.02;2.19219;BUY
43624.00436;43624.00436;14730;249.08;0.04639;BUY
43624.00436;43624.00436;14731;249.08;0.00156;BUY
43624.00437;43624.00437;14748;248.95;0.48841;SELL
43624.00437;43624.00437;14759;248.95;0.20213;SELL
43624.00437;43624.00437;14761;248.95;0.01848;SELL
43624.00437;43624.00437;14775;248.96;0.04828;SELL
43624.00438;43624.00438;14791;248.97;0.0602;SELL
43624.00439;43624.00439;14797;248.97;0.66169;SELL
43624.00439;43624.00439;14799;248.97;0.22056;SELL
43624.00439;43624.00439;14810;249;1.32039;BUY
43624.00439;43624.00439;14811;248.97;0.04879;SELL
43624.00441;43624.00441;14843;248.96;0.222;BUY
43624.00441;43624.00441;14857;248.96;0.00021;BUY
43624.00441;43624.00441;14858;248.96;0.04578;BUY
43624.00441;43624.00441;14863;248.96;0.6207;BUY
43624.00441;43624.00441;14865;248.96;0.00016;BUY
43624.00442;43624.00442;14876;249;0.22318;BUY
43624.00442;43624.00442;14877;249.04;0.09809;BUY
43624.00442;43624.00442;14878;249.04;12.00997;BUY
43624.00442;43624.00442;14885;249.04;9.99003;BUY
43624.00442;43624.00442;14886;249.04;2.18175;BUY
43624.00447;43624.00447;15014;249.08;0.07363;BUY
43624.00447;43624.00447;15015;249.09;0.73884;BUY
43624.00447;43624.00447;15016;249.1;4;BUY
43624.00447;43624.00447;15019;249.12;0.85197;SELL
43624.00448;43624.00448;15031;249.09;0.073;SELL
43624.00448;43624.00448;15041;249.15;0.04693;BUY
43624.00449;43624.00449;15071;249.08;0.401;SELL
43624.0045;43624.0045;15101;249.09;0.05255;BUY
43624.00451;43624.00451;15180;249.08;0.00047;SELL
43624.00451;43624.00451;15181;249.04;2.22453;SELL
43624.00452;43624.00452;15237;249.04;4.387;SELL
43624.00453;43624.00453;15294;249.07;0.40273;BUY
43624.00453;43624.00453;15308;249.04;2.914;SELL
43624.00453;43624.00453;15312;249.07;0.04742;BUY
43624.00455;43624.00455;15344;249.08;4.22951;SELL
43624.00456;43624.00456;15374;249.04;0.0602;SELL
43624.00457;43624.00458;15408;249.04;2;SELL
43624.00458;43624.00458;15421;249.04;0.2957;SELL
43624.00458;43624.00458;15422;249.03;0.6903;SELL
43624.00458;43624.00458;15424;249.03;0.00004;SELL
43624.00458;43624.00458;15425;248.97;1.99087;SELL
43624.00458;43624.00458;15432;249.13;0.04762;BUY
43624.00458;43624.00458;15433;248.98;1.93431;SELL
43624.00458;43624.00458;15434;248.98;0.6904;SELL
43624.00458;43624.00458;15435;248.97;9.00222;SELL
43624.00458;43624.00458;15438;248.98;0.69043;SELL
43624.00458;43624.00458;15439;248.97;7.27322;SELL
43624.00458;43624.00458;15440;248.98;0.69045;SELL
43624.00458;43624.00458;15441;248.97;1.99366;SELL
43624.00458;43624.00458;15442;248.97;13.2432;SELL
43624.0046;43624.0046;15509;249.05;1.27743;BUY
43624.0046;43624.0046;15511;249.08;2.32449;BUY
43624.00462;43624.00462;15575;248.97;3.97875;SELL
43624.00463;43624.00463;15625;249.04;0.04454;BUY
43624.00464;43624.00464;15667;248.97;0.30506;SELL
43624.00464;43624.00464;15669;249.07;1.93359;BUY
43624.00467;43624.00467;15783;249.13;0.47101;BUY
43624.00468;43624.00468;15803;249.1;0.40905;SELL
43624.0047;43624.0047;15850;249.13;0.04833;BUY
43624.00472;43624.00472;15887;249.08;0.27911;SELL
43624.00473;43624.00473;15909;249.08;1.3832;SELL
43624.00473;43624.00473;15911;249.08;0.00006;SELL
43624.00473;43624.00473;15912;249.07;0.69024;SELL
43624.00474;43624.00474;15933;249.07;0.00007;SELL
43624.00474;43624.00474;15934;249.02;0.06013;SELL
43624.00477;43624.00477;16028;249.09;0.04445;BUY
43624.0048;43624.0048;16057;249.09;0.98281;BUY
43624.0048;43624.0048;16058;249.1;0.6905;BUY
43624.0048;43624.0048;16064;249.1;2.30734;BUY
43624.00482;43624.00482;16142;249.14;0.04644;BUY
43624.00483;43624.00483;16181;249.06;0.79441;SELL
43624.00485;43624.00485;16248;249.04;0.3977;SELL
43624.00485;43624.00485;16249;249.04;0.00005;SELL
43624.00485;43624.00485;16250;249.03;3.85195;SELL
43624.00485;43624.00485;16256;249.03;0.00005;SELL
43624.00485;43624.00485;16257;249.02;4.81345;SELL
43624.00485;43624.00485;16258;249.02;0.0001;SELL
43624.00485;43624.00485;16259;249.01;0.6902;SELL
43624.00486;43624.00486;16289;249.08;0.31686;SELL
43624.00487;43624.00487;16338;249.09;0.0444;BUY
43624.00488;43624.00489;16375;248.99;0.69051;SELL
43624.00489;43624.00489;16376;248.98;0.27349;SELL
43624.00489;43624.00489;16377;248.97;18.67032;SELL
43624.00489;43624.00489;16382;248.97;6.25;SELL
43624.00489;43624.00489;16385;248.97;6.25;SELL
43624.0049;43624.0049;16402;248.97;10;SELL
43624.0049;43624.0049;16403;248.97;1.4285;SELL
43624.00491;43624.00491;16435;248.97;5;SELL
43624.00492;43624.00492;16457;249.05;1.31858;BUY
43624.00492;43624.00492;16458;249.05;0.046;BUY
43624.00493;43624.00493;16535;249.01;1.16;BUY
43624.00494;43624.00494;16581;249;0.07908;BUY
43624.00495;43624.00495;16626;249;0.07908;BUY
43624.00497;43624.00497;16664;248.99;0.04766;BUY
43624.00498;43624.00498;16714;248.98;1.59514;BUY
43624.00499;43624.00499;16722;248.98;0.08427;BUY
43624.005;43624.005;16802;248.97;57.26686;SELL
43624.005;43624.005;16803;248.97;0.99994;SELL
43624.005;43624.005;16804;248.97;0.00006;SELL
43624.005;43624.005;16812;248.96;0.08004;BUY
43624.00502;43624.00502;16880;248.95;0.04814;BUY
43624.00502;43624.00502;16892;248.87;1.69642;SELL
43624.00505;43624.00505;16962;248.9;2.17173;BUY
43624.00507;43624.00507;17015;248.92;0.04536;BUY
43624.00509;43624.0051;17099;248.91;0.794;BUY
43624.00511;43624.00511;17130;248.91;1.51842;BUY
43624.00511;43624.00511;17132;248.84;0.93989;SELL
43624.00511;43624.00511;17133;248.84;5.06011;SELL
43624.00512;43624.00512;17159;248.9;0.77092;BUY
43624.00513;43624.00513;17190;248.89;1.46558;BUY
43624.00514;43624.00514;17200;248.89;0.04783;BUY
43624.00514;43624.00514;17206;248.89;0.18866;BUY
43624.00515;43624.00515;17227;248.88;0.13538;BUY
43624.00516;43624.00516;17242;248.87;0.08273;BUY
43624.00516;43624.00516;17247;248.87;0.40198;BUY
43624.00516;43624.00516;17254;248.87;0.51781;BUY
43624.00517;43624.00517;17263;248.88;12.59762;BUY
43624.00517;43624.00517;17264;248.88;4;BUY
43624.00517;43624.00517;17265;248.89;2.29793;BUY
43624.00517;43624.00517;17267;248.87;4;BUY
43624.00517;43624.00517;17277;248.91;0.07362;BUY
43624.00519;43624.00519;17302;248.92;0.65;BUY
43624.00519;43624.00519;17303;248.92;0.66;BUY
43624.00519;43624.00519;17304;248.92;0.81;BUY
43624.00519;43624.00519;17305;248.92;1.88;BUY
43624.0052;43624.0052;17356;248.92;1.4033;SELL
43624.0052;43624.0052;17361;248.91;1.34746;SELL
43624.0052;43624.0052;17362;248.9;16;SELL
43624.0052;43624.0052;17364;248.82;4;SELL
43624.0052;43624.0052;17368;248.82;5;SELL
43624.0052;43624.0052;17370;248.82;8;SELL
43624.0052;43624.0052;17371;248.81;6.61611;SELL
43624.0052;43624.0052;17374;248.8;19.99999;SELL
43624.0052;43624.0052;17376;248.79;8;SELL
43624.0052;43624.0052;17377;248.78;5.16256;SELL
43624.0052;43624.0052;17379;248.76;5;SELL
43624.0052;43624.0052;17380;248.76;2.46;SELL
43624.0052;43624.0052;17382;248.73;5;SELL
43624.0052;43624.0052;17384;248.72;4.82044;SELL
43624.0052;43624.0052;17386;248.72;4.82044;SELL
43624.0052;43624.0052;17387;248.7;5;SELL
43624.0052;43624.0052;17388;248.68;2.15598;SELL
43624.0052;43624.0052;17390;248.67;5;SELL
43624.0052;43624.0052;17392;248.62;3;SELL
43624.0052;43624.0052;17393;248.62;1.44661;SELL
43624.0052;43624.0052;17428;248.87;1.25574;BUY
43624.0052;43624.00521;17436;248.89;0.30151;BUY
43624.00521;43624.00521;17445;248.88;0.198;BUY
43624.00521;43624.00521;17448;248.88;0.04453;BUY
43624.00523;43624.00523;17475;248.87;4;BUY
43624.00524;43624.00524;17508;248.87;4;BUY
43624.00525;43624.00526;17529;248.89;0.19849;BUY
43624.00525;43624.00526;17530;248.89;4;BUY
43624.00528;43624.00528;17591;248.95;2.71498;BUY
43624.00528;43624.00528;17605;248.9;0.32879;SELL
43624.00528;43624.00528;17611;249.02;0.04808;BUY
43624.00528;43624.00528;17615;248.97;2.7663;SELL
43624.00529;43624.00529;17636;248.9;0.31975;SELL
43624.00532;43624.00532;17744;248.89;0.042;SELL
43624.00532;43624.00532;17760;248.89;2;SELL
43624.00535;43624.00535;17814;248.89;0.31333;SELL
43624.00535;43624.00535;17815;248.87;1.75073;SELL
43624.00536;43624.00536;17835;248.94;0.0485;BUY
43624.00536;43624.00536;17853;248.89;2.36339;BUY
43624.0054;43624.0054;17941;248.88;1.62851;BUY
43624.0054;43624.0054;17954;248.89;0.04466;BUY
43624.00541;43624.00541;17962;248.89;1.02534;BUY
43624.00541;43624.00541;17963;248.89;3.99996;BUY
43624.00545;43624.00545;18104;248.96;0.04566;BUY
43624.00548;43624.00548;18171;248.91;2.44098;BUY
43624.00549;43624.00549;18220;248.93;1.26755;BUY
43624.0055;43624.0055;18251;248.93;0.05266;BUY
43624.00553;43624.00553;18367;248.98;0.0462;BUY
43624.00554;43624.00554;18423;248.91;2.52684;BUY
43624.00554;43624.00554;18432;248.94;0.10054;BUY
43624.00556;43624.00556;18514;248.88;0.535;SELL
43624.00557;43624.00557;18556;248.94;0.04832;BUY
43624.00559;43624.0056;18616;248.92;0.06905;BUY
43624.00561;43624.00561;18647;248.9;3.9898;BUY
43624.00562;43624.00562;18696;249.02;0.04842;BUY
43624.00562;43624.00562;18720;248.9;0.25641;SELL
43624.00567;43624.00567;18849;248.97;0.04727;BUY
43624.00568;43624.00568;18871;248.9;0.43429;SELL
43624.00568;43624.00568;18872;248.9;5.63972;SELL
43624.00568;43624.00568;18891;248.92;4.03193;BUY
43624.00569;43624.00569;18911;248.96;0.92841;BUY
43624.00573;43624.00573;19060;248.92;0.55148;BUY
43624.00574;43624.00575;19086;248.96;0.04698;BUY
43624.00577;43624.00577;19147;249;0.13464;BUY
43624.00578;43624.00578;19163;248.96;1.54084;BUY
43624.00582;43624.00582;19307;248.97;0.04708;BUY
43624.00589;43624.00589;19579;248.96;0.04644;BUY
43624.00589;43624.00589;19580;248.94;2.07551;SELL
43624.0059;43624.0059;19604;248.96;0.02719;BUY
43624.00594;43624.00594;19700;249.01;0.04477;BUY
43624.00597;43624.00597;19827;249.02;0.05278;BUY
43624.00598;43624.00598;19914;249.02;1.2314;BUY
43624.00598;43624.00598;19916;249.02;0.00003;BUY
43624.00598;43624.00598;19919;249.04;5.06011;BUY
43624.00598;43624.00598;19920;249.04;2.15598;BUY
43624.00598;43624.00598;19921;249.05;8;BUY
43624.00598;43624.00598;19925;249.1;0.25695;BUY
43624.00599;43624.00599;19940;249.1;0.0447;BUY
43624.006;43624.006;19992;249.09;4;BUY
43624.006;43624.006;19995;249.1;26.99997;BUY
43624.006;43624.006;19996;249.1;6.25;BUY
43624.006;43624.006;19999;249.1;10;BUY
43624.006;43624.006;20000;249.1;6.25;BUY
43624.006;43624.006;20003;249.1;6.25;BUY
43624.006;43624.006;20009;249.1;6.25;BUY
43624.006;43624.006;20011;249.1;6.25;BUY
43624.006;43624.006;20021;249.1;1.2502;BUY
43624.006;43624.006;20030;249.1;1.802;BUY
43624.006;43624.006;20045;249.1;0.08018;BUY
43624.006;43624.006;20050;249.1;1.94693;BUY
43624.00601;43624.00601;20058;249.1;0.14621;BUY
43624.00601;43624.00601;20065;249.1;168.90618;BUY
43624.00601;43624.00601;20066;249.1;1.4985;BUY
43624.00601;43624.00601;20077;249.11;8;BUY
43624.00601;43624.00602;20119;249.14;0.54925;SELL
43624.00602;43624.00602;20137;249.14;1.59217;SELL
43624.00602;43624.00602;20150;249.2;0.29826;BUY
43624.00602;43624.00602;20151;249.2;2.56032;BUY
43624.00603;43624.00603;20198;249.14;2;SELL
43624.00604;43624.00605;20268;249.19;0.06421;BUY
43624.00606;43624.00606;20366;249.18;0.04847;BUY
43624.00608;43624.00608;20441;249.18;7.95153;BUY
43624.00609;43624.00609;20517;249.18;0.0979;BUY
43624.0061;43624.0061;20565;249.18;0.619;BUY
43624.00611;43624.00611;20604;249.23;0.04592;BUY
43624.00611;43624.00611;20633;249.19;3.95268;SELL
43624.00612;43624.00612;20658;249.22;3.046;BUY
43624.00613;43624.00613;20736;249.2;1.38817;SELL
43624.00613;43624.00613;20771;249.22;4.525;BUY
43624.00614;43624.00614;20785;249.21;2.136;BUY
43624.00615;43624.00615;20836;249.18;6.17119;SELL
43624.00618;43624.00618;20949;249.19;1;SELL
43624.00618;43624.00618;20957;249.24;0.04839;BUY
43624.00623;43624.00623;21113;249.2;0.04467;BUY
43624.00624;43624.00624;21137;249.19;2.43266;BUY
43624.0063;43624.0063;21347;249.2;0.04698;BUY
43624.00632;43624.00632;21384;249.15;3.55164;SELL
43624.00632;43624.00632;21385;249.19;1.25066;BUY
43624.00634;43624.00634;21441;249.15;0.68985;SELL
43624.00634;43624.00634;21449;249.16;0.47505;SELL
43624.00634;43624.00634;21455;249.16;1.14571;SELL
43624.00634;43624.00634;21462;249.16;0.62809;SELL
43624.00636;43624.00636;21522;249.11;0.58937;SELL
43624.00637;43624.00637;21572;249.23;0.04429;BUY
43624.00642;43624.00642;21675;249.23;2;BUY
43624.00642;43624.00642;21702;249.23;0.04781;BUY
43624.00642;43624.00642;21703;249.23;0.02113;BUY
43624.00642;43624.00642;21704;249.23;0.2482;BUY
43624.00643;43624.00643;21728;249.22;2.46544;BUY
43624.00643;43624.00643;21736;249.23;0.441;BUY
43624.00644;43624.00644;21772;249.28;0.05312;BUY
43624.00644;43624.00644;21779;249.29;2.68594;BUY
43624.00647;43624.00647;21852;249.34;0.04766;BUY
43624.00647;43624.00647;21871;249.28;0.37217;SELL
43624.00649;43624.00649;21929;249.32;2.06123;BUY
43624.00649;43624.00649;21930;249.3;2.73854;SELL
43624.00652;43624.00652;22031;249.33;0.07363;BUY
43624.00652;43624.00652;22032;249.33;0.18302;BUY
43624.00652;43624.00652;22034;249.33;0.04452;BUY
43624.00654;43624.00654;22064;249.32;2.11456;SELL
43624.00654;43624.00654;22065;249.3;1.60872;SELL
43624.00654;43624.00654;22083;249.33;0.295;BUY
43624.00654;43624.00654;22084;249.33;0.295;BUY
43624.00655;43624.00656;22105;249.34;0.078;BUY
43624.00656;43624.00656;22116;249.32;6.741;SELL
43624.00656;43624.00656;22117;249.31;1.21578;SELL
43624.00656;43624.00656;22123;249.32;2.484;SELL
43624.00656;43624.00656;22130;249.34;0.00049;BUY
43624.00656;43624.00656;22131;249.34;3.48351;BUY
43624.00657;43624.00657;22147;249.34;0.516;BUY
43624.00657;43624.00657;22175;249.32;0.00035;SELL
43624.00657;43624.00657;22177;249.31;0.95665;SELL
43624.00658;43624.00658;22202;249.38;2.117;BUY
43624.00659;43624.00659;22219;249.38;0.00024;BUY
43624.00659;43624.00659;22220;249.4;0.04674;BUY
43624.0066;43624.0066;22230;249.39;1.093;BUY
43624.0066;43624.0066;22231;249.32;1;SELL
43624.0066;43624.0066;22232;249.31;0.00072;SELL
43624.00661;43624.00661;22328;249.29;7.22282;SELL
43624.00663;43624.00663;22374;249.39;4;BUY
43624.00663;43624.00663;22377;249.38;4;BUY
43624.00663;43624.00663;22446;249.39;4;BUY
43624.00663;43624.00663;22450;249.38;4;BUY
43624.00664;43624.00664;22510;249.39;0.04693;BUY
43624.00664;43624.00664;22562;249.39;1.211;BUY
43624.00667;43624.00667;22651;249.39;0.20167;BUY
43624.00667;43624.00667;22671;249.29;0.08699;SELL
43624.0067;43624.0067;22808;249.39;0.94191;BUY
43624.0067;43624.0067;22809;249.39;4;BUY
43624.0067;43624.0067;22810;249.4;0.00326;BUY
43624.0067;43624.0067;22811;249.4;0.89034;BUY
43624.0067;43624.0067;22812;249.47;0.40921;BUY
43624.0067;43624.0067;22813;249.47;4.3413;BUY
43624.00671;43624.00671;22864;249.38;0.04543;BUY
43624.00672;43624.00672;22910;249.3;7.95548;SELL
43624.00672;43624.00672;22915;249.3;4.45525;SELL
43624.00673;43624.00673;22924;249.3;4.58927;SELL
43624.00673;43624.00673;22925;249.3;0.88988;SELL
43624.00673;43624.00673;22926;249.29;2.47633;SELL
43624.00675;43624.00675;22984;249.3;0.889;SELL
43624.00676;43624.00677;23065;249.31;1.248;SELL
43624.00676;43624.00677;23067;249.29;3.422;SELL
43624.00677;43624.00677;23105;249.29;3.95915;SELL
43624.00677;43624.00677;23109;249.25;0.8902;SELL
43624.00677;43624.00677;23111;249.24;2.88;SELL
43624.00677;43624.00677;23134;249.24;0.07992;BUY
